domain,identifier,path,status,source
vision,AdvProp_efficientnet-b2,/model/display_name,verified,curation_workbook
vision,AdvProp_efficientnet-b2,/model/version,verified,curation_workbook
vision,AdvProp_efficientnet-b2,/model/architecture,verified,curation_workbook
vision,AdvProp_efficientnet-b2,/model/parameter_count,verified,curation_workbook
vision,AdvProp_efficientnet-b2,/model/trainable_layers,probable,curation_workbook
vision,AdvProp_efficientnet-b2,/model/input_resolution,verified,curation_workbook
vision,AdvProp_efficientnet-b2,/model/recurrent,verified,curation_workbook
vision,AdvProp_efficientnet-b2,/model/visual_degrees,undocumented,curation_workbook
vision,AdvProp_efficientnet-b2,/model/supervision,verified,curation_workbook
vision,AdvProp_efficientnet-b2,/training/process,undocumented,curation_workbook
vision,AdvProp_efficientnet-b2,/training/objective,verified,curation_workbook
vision,AdvProp_efficientnet-b2,/training/loss,verified,curation_workbook
vision,AdvProp_efficientnet-b2,/training/learning_rate,undocumented,curation_workbook
vision,AdvProp_efficientnet-b2,/training/batch_size,undocumented,curation_workbook
vision,AdvProp_efficientnet-b2,/training/preprocessing,verified,curation_workbook
vision,AdvProp_efficientnet-b2,/data/training_datasets,verified,curation_workbook
vision,AdvProp_efficientnet-b2,/data/dataset_size,verified,curation_workbook
vision,AdvProp_efficientnet-b2,/eval/test_datasets,verified,curation_workbook
vision,AdvProp_efficientnet-b2,/eval/validation_datasets,verified,curation_workbook
vision,AdvProp_efficientnet-b2,/io/interface,verified,curation_workbook
vision,AdvProp_efficientnet-b2,/io/tokenizer,verified,curation_workbook
vision,AdvProp_efficientnet-b2,/provenance/weights_provider,verified,curation_workbook
vision,AdvProp_efficientnet-b2,/provenance/checkpoint,verified,curation_workbook
vision,AdvProp_efficientnet-b2,/legal/license,verified,curation_workbook
vision,AdvProp_efficientnet-b2,/people/creators,verified,curation_workbook
vision,AdvProp_efficientnet-b2,/people/organizations,verified,curation_workbook
vision,AdvProp_efficientnet-b2,/lineage/base_models,verified,curation_workbook
vision,AdvProp_efficientnet-b2,/use/applications,verified,curation_workbook
vision,AdvProp_efficientnet-b2,/use/users,verified,curation_workbook
vision,AdvProp_efficientnet-b2,/use/limitations,verified,curation_workbook
vision,AdvProp_efficientnet-b2,/use/biases,verified,curation_workbook
vision,AdvProp_efficientnet-b4,/model/display_name,verified,curation_workbook
vision,AdvProp_efficientnet-b4,/model/version,verified,curation_workbook
vision,AdvProp_efficientnet-b4,/model/architecture,verified,curation_workbook
vision,AdvProp_efficientnet-b4,/model/parameter_count,verified,curation_workbook
vision,AdvProp_efficientnet-b4,/model/trainable_layers,verified,curation_workbook
vision,AdvProp_efficientnet-b4,/model/input_resolution,verified,curation_workbook
vision,AdvProp_efficientnet-b4,/model/recurrent,verified,curation_workbook
vision,AdvProp_efficientnet-b4,/model/visual_degrees,undocumented,curation_workbook
vision,AdvProp_efficientnet-b4,/model/supervision,verified,curation_workbook
vision,AdvProp_efficientnet-b4,/training/process,undocumented,curation_workbook
vision,AdvProp_efficientnet-b4,/training/objective,verified,curation_workbook
vision,AdvProp_efficientnet-b4,/training/loss,verified,curation_workbook
vision,AdvProp_efficientnet-b4,/training/learning_rate,undocumented,curation_workbook
vision,AdvProp_efficientnet-b4,/training/batch_size,undocumented,curation_workbook
vision,AdvProp_efficientnet-b4,/training/preprocessing,verified,curation_workbook
vision,AdvProp_efficientnet-b4,/data/training_datasets,verified,curation_workbook
vision,AdvProp_efficientnet-b4,/data/dataset_size,verified,curation_workbook
vision,AdvProp_efficientnet-b4,/eval/test_datasets,verified,curation_workbook
vision,AdvProp_efficientnet-b4,/eval/validation_datasets,verified,curation_workbook
vision,AdvProp_efficientnet-b4,/io/interface,verified,curation_workbook
vision,AdvProp_efficientnet-b4,/io/tokenizer,verified,curation_workbook
vision,AdvProp_efficientnet-b4,/provenance/weights_provider,verified,curation_workbook
vision,AdvProp_efficientnet-b4,/provenance/checkpoint,verified,curation_workbook
vision,AdvProp_efficientnet-b4,/legal/license,verified,curation_workbook
vision,AdvProp_efficientnet-b4,/people/creators,verified,curation_workbook
vision,AdvProp_efficientnet-b4,/people/organizations,verified,curation_workbook
vision,AdvProp_efficientnet-b4,/lineage/base_models,verified,curation_workbook
vision,AdvProp_efficientnet-b4,/use/applications,verified,curation_workbook
vision,AdvProp_efficientnet-b4,/use/users,verified,curation_workbook
vision,AdvProp_efficientnet-b4,/use/limitations,probable,curation_workbook
vision,AdvProp_efficientnet-b4,/use/biases,verified,curation_workbook
vision,AdvProp_efficientnet-b6,/model/display_name,verified,curation_workbook
vision,AdvProp_efficientnet-b6,/model/version,verified,curation_workbook
vision,AdvProp_efficientnet-b6,/model/architecture,verified,curation_workbook
vision,AdvProp_efficientnet-b6,/model/parameter_count,verified,curation_workbook
vision,AdvProp_efficientnet-b6,/model/trainable_layers,verified,curation_workbook
vision,AdvProp_efficientnet-b6,/model/input_resolution,verified,curation_workbook
vision,AdvProp_efficientnet-b6,/model/recurrent,verified,curation_workbook
vision,AdvProp_efficientnet-b6,/model/visual_degrees,undocumented,curation_workbook
vision,AdvProp_efficientnet-b6,/model/supervision,verified,curation_workbook
vision,AdvProp_efficientnet-b6,/training/process,undocumented,curation_workbook
vision,AdvProp_efficientnet-b6,/training/objective,verified,curation_workbook
vision,AdvProp_efficientnet-b6,/training/loss,verified,curation_workbook
vision,AdvProp_efficientnet-b6,/training/learning_rate,undocumented,curation_workbook
vision,AdvProp_efficientnet-b6,/training/batch_size,undocumented,curation_workbook
vision,AdvProp_efficientnet-b6,/training/preprocessing,verified,curation_workbook
vision,AdvProp_efficientnet-b6,/data/training_datasets,verified,curation_workbook
vision,AdvProp_efficientnet-b6,/data/dataset_size,verified,curation_workbook
vision,AdvProp_efficientnet-b6,/eval/test_datasets,verified,curation_workbook
vision,AdvProp_efficientnet-b6,/eval/validation_datasets,verified,curation_workbook
vision,AdvProp_efficientnet-b6,/io/interface,verified,curation_workbook
vision,AdvProp_efficientnet-b6,/io/tokenizer,verified,curation_workbook
vision,AdvProp_efficientnet-b6,/provenance/weights_provider,verified,curation_workbook
vision,AdvProp_efficientnet-b6,/provenance/checkpoint,verified,curation_workbook
vision,AdvProp_efficientnet-b6,/legal/license,verified,curation_workbook
vision,AdvProp_efficientnet-b6,/people/creators,verified,curation_workbook
vision,AdvProp_efficientnet-b6,/people/organizations,verified,curation_workbook
vision,AdvProp_efficientnet-b6,/lineage/base_models,verified,curation_workbook
vision,AdvProp_efficientnet-b6,/use/applications,verified,curation_workbook
vision,AdvProp_efficientnet-b6,/use/users,verified,curation_workbook
vision,AdvProp_efficientnet-b6,/use/limitations,verified,curation_workbook
vision,AdvProp_efficientnet-b6,/use/biases,verified,curation_workbook
vision,AdvProp_efficientnet-b7,/model/display_name,verified,curation_workbook
vision,AdvProp_efficientnet-b7,/model/version,verified,curation_workbook
vision,AdvProp_efficientnet-b7,/model/architecture,verified,curation_workbook
vision,AdvProp_efficientnet-b7,/model/parameter_count,verified,curation_workbook
vision,AdvProp_efficientnet-b7,/model/trainable_layers,verified,curation_workbook
vision,AdvProp_efficientnet-b7,/model/input_resolution,verified,curation_workbook
vision,AdvProp_efficientnet-b7,/model/recurrent,verified,curation_workbook
vision,AdvProp_efficientnet-b7,/model/visual_degrees,undocumented,curation_workbook
vision,AdvProp_efficientnet-b7,/model/supervision,verified,curation_workbook
vision,AdvProp_efficientnet-b7,/training/process,undocumented,curation_workbook
vision,AdvProp_efficientnet-b7,/training/objective,verified,curation_workbook
vision,AdvProp_efficientnet-b7,/training/loss,verified,curation_workbook
vision,AdvProp_efficientnet-b7,/training/learning_rate,undocumented,curation_workbook
vision,AdvProp_efficientnet-b7,/training/batch_size,undocumented,curation_workbook
vision,AdvProp_efficientnet-b7,/training/preprocessing,verified,curation_workbook
vision,AdvProp_efficientnet-b7,/data/training_datasets,verified,curation_workbook
vision,AdvProp_efficientnet-b7,/data/dataset_size,verified,curation_workbook
vision,AdvProp_efficientnet-b7,/eval/test_datasets,verified,curation_workbook
vision,AdvProp_efficientnet-b7,/eval/validation_datasets,verified,curation_workbook
vision,AdvProp_efficientnet-b7,/io/interface,verified,curation_workbook
vision,AdvProp_efficientnet-b7,/io/tokenizer,verified,curation_workbook
vision,AdvProp_efficientnet-b7,/provenance/weights_provider,verified,curation_workbook
vision,AdvProp_efficientnet-b7,/provenance/checkpoint,verified,curation_workbook
vision,AdvProp_efficientnet-b7,/legal/license,verified,curation_workbook
vision,AdvProp_efficientnet-b7,/people/creators,verified,curation_workbook
vision,AdvProp_efficientnet-b7,/people/organizations,verified,curation_workbook
vision,AdvProp_efficientnet-b7,/lineage/base_models,verified,curation_workbook
vision,AdvProp_efficientnet-b7,/use/applications,verified,curation_workbook
vision,AdvProp_efficientnet-b7,/use/users,verified,curation_workbook
vision,AdvProp_efficientnet-b7,/use/limitations,verified,curation_workbook
vision,AdvProp_efficientnet-b7,/use/biases,verified,curation_workbook
vision,AdvProp_efficientnet-b8,/model/display_name,verified,curation_workbook
vision,AdvProp_efficientnet-b8,/model/version,verified,curation_workbook
vision,AdvProp_efficientnet-b8,/model/architecture,verified,curation_workbook
vision,AdvProp_efficientnet-b8,/model/parameter_count,verified,curation_workbook
vision,AdvProp_efficientnet-b8,/model/trainable_layers,undocumented,curation_workbook
vision,AdvProp_efficientnet-b8,/model/input_resolution,verified,curation_workbook
vision,AdvProp_efficientnet-b8,/model/recurrent,verified,curation_workbook
vision,AdvProp_efficientnet-b8,/model/visual_degrees,undocumented,curation_workbook
vision,AdvProp_efficientnet-b8,/model/supervision,verified,curation_workbook
vision,AdvProp_efficientnet-b8,/training/process,undocumented,curation_workbook
vision,AdvProp_efficientnet-b8,/training/objective,verified,curation_workbook
vision,AdvProp_efficientnet-b8,/training/loss,verified,curation_workbook
vision,AdvProp_efficientnet-b8,/training/learning_rate,undocumented,curation_workbook
vision,AdvProp_efficientnet-b8,/training/batch_size,undocumented,curation_workbook
vision,AdvProp_efficientnet-b8,/training/preprocessing,verified,curation_workbook
vision,AdvProp_efficientnet-b8,/data/training_datasets,verified,curation_workbook
vision,AdvProp_efficientnet-b8,/data/dataset_size,verified,curation_workbook
vision,AdvProp_efficientnet-b8,/eval/test_datasets,verified,curation_workbook
vision,AdvProp_efficientnet-b8,/eval/validation_datasets,verified,curation_workbook
vision,AdvProp_efficientnet-b8,/io/interface,verified,curation_workbook
vision,AdvProp_efficientnet-b8,/io/tokenizer,verified,curation_workbook
vision,AdvProp_efficientnet-b8,/provenance/weights_provider,verified,curation_workbook
vision,AdvProp_efficientnet-b8,/provenance/checkpoint,verified,curation_workbook
vision,AdvProp_efficientnet-b8,/legal/license,verified,curation_workbook
vision,AdvProp_efficientnet-b8,/people/creators,verified,curation_workbook
vision,AdvProp_efficientnet-b8,/people/organizations,verified,curation_workbook
vision,AdvProp_efficientnet-b8,/lineage/base_models,verified,curation_workbook
vision,AdvProp_efficientnet-b8,/use/applications,verified,curation_workbook
vision,AdvProp_efficientnet-b8,/use/users,verified,curation_workbook
vision,AdvProp_efficientnet-b8,/use/limitations,verified,curation_workbook
vision,AdvProp_efficientnet-b8,/use/biases,verified,curation_workbook
vision,alexnet,/model/display_name,verified,curation_workbook
vision,alexnet,/model/version,verified,curation_workbook
vision,alexnet,/model/architecture,verified,curation_workbook
vision,alexnet,/model/parameter_count,verified,curation_workbook
vision,alexnet,/model/trainable_layers,verified,curation_workbook
vision,alexnet,/model/input_resolution,verified,curation_workbook
vision,alexnet,/model/recurrent,verified,curation_workbook
vision,alexnet,/model/visual_degrees,undocumented,curation_workbook
vision,alexnet,/model/supervision,verified,curation_workbook
vision,alexnet,/training/process,verified,curation_workbook
vision,alexnet,/training/objective,verified,curation_workbook
vision,alexnet,/training/loss,verified,curation_workbook
vision,alexnet,/training/learning_rate,verified,curation_workbook
vision,alexnet,/training/batch_size,verified,curation_workbook
vision,alexnet,/training/preprocessing,verified,curation_workbook
vision,alexnet,/data/training_datasets,verified,curation_workbook
vision,alexnet,/data/dataset_size,verified,curation_workbook
vision,alexnet,/eval/test_datasets,verified,curation_workbook
vision,alexnet,/eval/validation_datasets,verified,curation_workbook
vision,alexnet,/io/interface,verified,curation_workbook
vision,alexnet,/io/tokenizer,verified,curation_workbook
vision,alexnet,/provenance/weights_provider,verified,curation_workbook
vision,alexnet,/provenance/checkpoint,verified,curation_workbook
vision,alexnet,/legal/license,verified,curation_workbook
vision,alexnet,/people/creators,verified,curation_workbook
vision,alexnet,/people/organizations,verified,curation_workbook
vision,alexnet,/lineage/base_models,undocumented,curation_workbook
vision,alexnet,/use/applications,verified,curation_workbook
vision,alexnet,/use/users,verified,curation_workbook
vision,alexnet,/use/limitations,verified,curation_workbook
vision,alexnet,/use/biases,verified,curation_workbook
vision,AlexNet_SIN,/model/display_name,verified,curation_workbook
vision,AlexNet_SIN,/model/version,verified,curation_workbook
vision,AlexNet_SIN,/model/architecture,verified,curation_workbook
vision,AlexNet_SIN,/model/parameter_count,verified,curation_workbook
vision,AlexNet_SIN,/model/trainable_layers,verified,curation_workbook
vision,AlexNet_SIN,/model/input_resolution,verified,curation_workbook
vision,AlexNet_SIN,/model/recurrent,verified,curation_workbook
vision,AlexNet_SIN,/model/visual_degrees,undocumented,curation_workbook
vision,AlexNet_SIN,/model/supervision,verified,curation_workbook
vision,AlexNet_SIN,/training/process,undocumented,curation_workbook
vision,AlexNet_SIN,/training/objective,verified,curation_workbook
vision,AlexNet_SIN,/training/loss,verified,curation_workbook
vision,AlexNet_SIN,/training/learning_rate,undocumented,curation_workbook
vision,AlexNet_SIN,/training/batch_size,undocumented,curation_workbook
vision,AlexNet_SIN,/training/preprocessing,verified,curation_workbook
vision,AlexNet_SIN,/data/training_datasets,verified,curation_workbook
vision,AlexNet_SIN,/data/dataset_size,verified,curation_workbook
vision,AlexNet_SIN,/eval/test_datasets,verified,curation_workbook
vision,AlexNet_SIN,/eval/validation_datasets,verified,curation_workbook
vision,AlexNet_SIN,/io/interface,verified,curation_workbook
vision,AlexNet_SIN,/io/tokenizer,verified,curation_workbook
vision,AlexNet_SIN,/provenance/weights_provider,verified,curation_workbook
vision,AlexNet_SIN,/provenance/checkpoint,undocumented,curation_workbook
vision,AlexNet_SIN,/legal/license,undocumented,curation_workbook
vision,AlexNet_SIN,/people/creators,verified,curation_workbook
vision,AlexNet_SIN,/people/organizations,verified,curation_workbook
vision,AlexNet_SIN,/lineage/base_models,verified,curation_workbook
vision,AlexNet_SIN,/use/applications,verified,curation_workbook
vision,AlexNet_SIN,/use/users,verified,curation_workbook
vision,AlexNet_SIN,/use/limitations,verified,curation_workbook
vision,AlexNet_SIN,/use/biases,verified,curation_workbook
vision,AlexNet_SIN_fov12,/model/display_name,verified,curation_workbook
vision,AlexNet_SIN_fov12,/model/version,verified,curation_workbook
vision,AlexNet_SIN_fov12,/model/architecture,undocumented,curation_workbook
vision,AlexNet_SIN_fov12,/model/parameter_count,undocumented,curation_workbook
vision,AlexNet_SIN_fov12,/model/trainable_layers,undocumented,curation_workbook
vision,AlexNet_SIN_fov12,/model/input_resolution,undocumented,curation_workbook
vision,AlexNet_SIN_fov12,/model/recurrent,undocumented,curation_workbook
vision,AlexNet_SIN_fov12,/model/visual_degrees,undocumented,curation_workbook
vision,AlexNet_SIN_fov12,/model/supervision,undocumented,curation_workbook
vision,AlexNet_SIN_fov12,/training/process,undocumented,curation_workbook
vision,AlexNet_SIN_fov12,/training/objective,undocumented,curation_workbook
vision,AlexNet_SIN_fov12,/training/loss,undocumented,curation_workbook
vision,AlexNet_SIN_fov12,/training/learning_rate,undocumented,curation_workbook
vision,AlexNet_SIN_fov12,/training/batch_size,undocumented,curation_workbook
vision,AlexNet_SIN_fov12,/training/preprocessing,undocumented,curation_workbook
vision,AlexNet_SIN_fov12,/data/training_datasets,undocumented,curation_workbook
vision,AlexNet_SIN_fov12,/data/dataset_size,undocumented,curation_workbook
vision,AlexNet_SIN_fov12,/eval/test_datasets,undocumented,curation_workbook
vision,AlexNet_SIN_fov12,/eval/validation_datasets,undocumented,curation_workbook
vision,AlexNet_SIN_fov12,/io/interface,undocumented,curation_workbook
vision,AlexNet_SIN_fov12,/io/tokenizer,undocumented,curation_workbook
vision,AlexNet_SIN_fov12,/provenance/weights_provider,undocumented,curation_workbook
vision,AlexNet_SIN_fov12,/provenance/checkpoint,undocumented,curation_workbook
vision,AlexNet_SIN_fov12,/legal/license,undocumented,curation_workbook
vision,AlexNet_SIN_fov12,/people/creators,undocumented,curation_workbook
vision,AlexNet_SIN_fov12,/people/organizations,undocumented,curation_workbook
vision,AlexNet_SIN_fov12,/lineage/base_models,verified,curation_workbook
vision,AlexNet_SIN_fov12,/use/applications,undocumented,curation_workbook
vision,AlexNet_SIN_fov12,/use/users,undocumented,curation_workbook
vision,AlexNet_SIN_fov12,/use/limitations,undocumented,curation_workbook
vision,AlexNet_SIN_fov12,/use/biases,undocumented,curation_workbook
vision,AlexNet_SIN_fov16,/model/display_name,verified,curation_workbook
vision,AlexNet_SIN_fov16,/model/version,verified,curation_workbook
vision,AlexNet_SIN_fov16,/model/architecture,undocumented,curation_workbook
vision,AlexNet_SIN_fov16,/model/parameter_count,undocumented,curation_workbook
vision,AlexNet_SIN_fov16,/model/trainable_layers,undocumented,curation_workbook
vision,AlexNet_SIN_fov16,/model/input_resolution,undocumented,curation_workbook
vision,AlexNet_SIN_fov16,/model/recurrent,undocumented,curation_workbook
vision,AlexNet_SIN_fov16,/model/visual_degrees,undocumented,curation_workbook
vision,AlexNet_SIN_fov16,/model/supervision,undocumented,curation_workbook
vision,AlexNet_SIN_fov16,/training/process,undocumented,curation_workbook
vision,AlexNet_SIN_fov16,/training/objective,undocumented,curation_workbook
vision,AlexNet_SIN_fov16,/training/loss,undocumented,curation_workbook
vision,AlexNet_SIN_fov16,/training/learning_rate,undocumented,curation_workbook
vision,AlexNet_SIN_fov16,/training/batch_size,undocumented,curation_workbook
vision,AlexNet_SIN_fov16,/training/preprocessing,undocumented,curation_workbook
vision,AlexNet_SIN_fov16,/data/training_datasets,undocumented,curation_workbook
vision,AlexNet_SIN_fov16,/data/dataset_size,undocumented,curation_workbook
vision,AlexNet_SIN_fov16,/eval/test_datasets,undocumented,curation_workbook
vision,AlexNet_SIN_fov16,/eval/validation_datasets,undocumented,curation_workbook
vision,AlexNet_SIN_fov16,/io/interface,undocumented,curation_workbook
vision,AlexNet_SIN_fov16,/io/tokenizer,undocumented,curation_workbook
vision,AlexNet_SIN_fov16,/provenance/weights_provider,undocumented,curation_workbook
vision,AlexNet_SIN_fov16,/provenance/checkpoint,undocumented,curation_workbook
vision,AlexNet_SIN_fov16,/legal/license,undocumented,curation_workbook
vision,AlexNet_SIN_fov16,/people/creators,undocumented,curation_workbook
vision,AlexNet_SIN_fov16,/people/organizations,undocumented,curation_workbook
vision,AlexNet_SIN_fov16,/lineage/base_models,verified,curation_workbook
vision,AlexNet_SIN_fov16,/use/applications,undocumented,curation_workbook
vision,AlexNet_SIN_fov16,/use/users,undocumented,curation_workbook
vision,AlexNet_SIN_fov16,/use/limitations,undocumented,curation_workbook
vision,AlexNet_SIN_fov16,/use/biases,undocumented,curation_workbook
vision,alexnet_training_seed_01,/model/display_name,verified,curation_workbook
vision,alexnet_training_seed_01,/model/version,verified,curation_workbook
vision,alexnet_training_seed_01,/model/architecture,verified,curation_workbook
vision,alexnet_training_seed_01,/model/parameter_count,verified,curation_workbook
vision,alexnet_training_seed_01,/model/trainable_layers,undocumented,curation_workbook
vision,alexnet_training_seed_01,/model/input_resolution,verified,curation_workbook
vision,alexnet_training_seed_01,/model/recurrent,verified,curation_workbook
vision,alexnet_training_seed_01,/model/visual_degrees,undocumented,curation_workbook
vision,alexnet_training_seed_01,/model/supervision,verified,curation_workbook
vision,alexnet_training_seed_01,/training/process,verified,curation_workbook
vision,alexnet_training_seed_01,/training/objective,undocumented,curation_workbook
vision,alexnet_training_seed_01,/training/loss,verified,curation_workbook
vision,alexnet_training_seed_01,/training/learning_rate,verified,curation_workbook
vision,alexnet_training_seed_01,/training/batch_size,verified,curation_workbook
vision,alexnet_training_seed_01,/training/preprocessing,verified,curation_workbook
vision,alexnet_training_seed_01,/data/training_datasets,undocumented,curation_workbook
vision,alexnet_training_seed_01,/data/dataset_size,undocumented,curation_workbook
vision,alexnet_training_seed_01,/eval/test_datasets,verified,curation_workbook
vision,alexnet_training_seed_01,/eval/validation_datasets,verified,curation_workbook
vision,alexnet_training_seed_01,/io/interface,verified,curation_workbook
vision,alexnet_training_seed_01,/io/tokenizer,verified,curation_workbook
vision,alexnet_training_seed_01,/provenance/weights_provider,verified,curation_workbook
vision,alexnet_training_seed_01,/provenance/checkpoint,verified,curation_workbook
vision,alexnet_training_seed_01,/legal/license,verified,curation_workbook
vision,alexnet_training_seed_01,/people/creators,verified,curation_workbook
vision,alexnet_training_seed_01,/people/organizations,verified,curation_workbook
vision,alexnet_training_seed_01,/lineage/base_models,verified,curation_workbook
vision,alexnet_training_seed_01,/use/applications,verified,curation_workbook
vision,alexnet_training_seed_01,/use/users,verified,curation_workbook
vision,alexnet_training_seed_01,/use/limitations,verified,curation_workbook
vision,alexnet_training_seed_01,/use/biases,verified,curation_workbook
vision,alexnet_training_seed_02,/model/display_name,verified,curation_workbook
vision,alexnet_training_seed_02,/model/version,verified,curation_workbook
vision,alexnet_training_seed_02,/model/architecture,verified,curation_workbook
vision,alexnet_training_seed_02,/model/parameter_count,verified,curation_workbook
vision,alexnet_training_seed_02,/model/trainable_layers,undocumented,curation_workbook
vision,alexnet_training_seed_02,/model/input_resolution,verified,curation_workbook
vision,alexnet_training_seed_02,/model/recurrent,verified,curation_workbook
vision,alexnet_training_seed_02,/model/visual_degrees,undocumented,curation_workbook
vision,alexnet_training_seed_02,/model/supervision,verified,curation_workbook
vision,alexnet_training_seed_02,/training/process,verified,curation_workbook
vision,alexnet_training_seed_02,/training/objective,undocumented,curation_workbook
vision,alexnet_training_seed_02,/training/loss,verified,curation_workbook
vision,alexnet_training_seed_02,/training/learning_rate,verified,curation_workbook
vision,alexnet_training_seed_02,/training/batch_size,verified,curation_workbook
vision,alexnet_training_seed_02,/training/preprocessing,verified,curation_workbook
vision,alexnet_training_seed_02,/data/training_datasets,undocumented,curation_workbook
vision,alexnet_training_seed_02,/data/dataset_size,undocumented,curation_workbook
vision,alexnet_training_seed_02,/eval/test_datasets,verified,curation_workbook
vision,alexnet_training_seed_02,/eval/validation_datasets,verified,curation_workbook
vision,alexnet_training_seed_02,/io/interface,verified,curation_workbook
vision,alexnet_training_seed_02,/io/tokenizer,verified,curation_workbook
vision,alexnet_training_seed_02,/provenance/weights_provider,verified,curation_workbook
vision,alexnet_training_seed_02,/provenance/checkpoint,verified,curation_workbook
vision,alexnet_training_seed_02,/legal/license,verified,curation_workbook
vision,alexnet_training_seed_02,/people/creators,verified,curation_workbook
vision,alexnet_training_seed_02,/people/organizations,verified,curation_workbook
vision,alexnet_training_seed_02,/lineage/base_models,verified,curation_workbook
vision,alexnet_training_seed_02,/use/applications,verified,curation_workbook
vision,alexnet_training_seed_02,/use/users,verified,curation_workbook
vision,alexnet_training_seed_02,/use/limitations,verified,curation_workbook
vision,alexnet_training_seed_02,/use/biases,verified,curation_workbook
vision,alexnet_training_seed_03,/model/display_name,verified,curation_workbook
vision,alexnet_training_seed_03,/model/version,verified,curation_workbook
vision,alexnet_training_seed_03,/model/architecture,verified,curation_workbook
vision,alexnet_training_seed_03,/model/parameter_count,verified,curation_workbook
vision,alexnet_training_seed_03,/model/trainable_layers,undocumented,curation_workbook
vision,alexnet_training_seed_03,/model/input_resolution,verified,curation_workbook
vision,alexnet_training_seed_03,/model/recurrent,verified,curation_workbook
vision,alexnet_training_seed_03,/model/visual_degrees,undocumented,curation_workbook
vision,alexnet_training_seed_03,/model/supervision,verified,curation_workbook
vision,alexnet_training_seed_03,/training/process,verified,curation_workbook
vision,alexnet_training_seed_03,/training/objective,undocumented,curation_workbook
vision,alexnet_training_seed_03,/training/loss,verified,curation_workbook
vision,alexnet_training_seed_03,/training/learning_rate,verified,curation_workbook
vision,alexnet_training_seed_03,/training/batch_size,verified,curation_workbook
vision,alexnet_training_seed_03,/training/preprocessing,verified,curation_workbook
vision,alexnet_training_seed_03,/data/training_datasets,undocumented,curation_workbook
vision,alexnet_training_seed_03,/data/dataset_size,undocumented,curation_workbook
vision,alexnet_training_seed_03,/eval/test_datasets,verified,curation_workbook
vision,alexnet_training_seed_03,/eval/validation_datasets,verified,curation_workbook
vision,alexnet_training_seed_03,/io/interface,verified,curation_workbook
vision,alexnet_training_seed_03,/io/tokenizer,verified,curation_workbook
vision,alexnet_training_seed_03,/provenance/weights_provider,verified,curation_workbook
vision,alexnet_training_seed_03,/provenance/checkpoint,verified,curation_workbook
vision,alexnet_training_seed_03,/legal/license,verified,curation_workbook
vision,alexnet_training_seed_03,/people/creators,verified,curation_workbook
vision,alexnet_training_seed_03,/people/organizations,verified,curation_workbook
vision,alexnet_training_seed_03,/lineage/base_models,verified,curation_workbook
vision,alexnet_training_seed_03,/use/applications,verified,curation_workbook
vision,alexnet_training_seed_03,/use/users,verified,curation_workbook
vision,alexnet_training_seed_03,/use/limitations,verified,curation_workbook
vision,alexnet_training_seed_03,/use/biases,verified,curation_workbook
vision,alexnet_training_seed_06,/model/display_name,verified,curation_workbook
vision,alexnet_training_seed_06,/model/version,verified,curation_workbook
vision,alexnet_training_seed_06,/model/architecture,verified,curation_workbook
vision,alexnet_training_seed_06,/model/parameter_count,verified,curation_workbook
vision,alexnet_training_seed_06,/model/trainable_layers,undocumented,curation_workbook
vision,alexnet_training_seed_06,/model/input_resolution,verified,curation_workbook
vision,alexnet_training_seed_06,/model/recurrent,verified,curation_workbook
vision,alexnet_training_seed_06,/model/visual_degrees,undocumented,curation_workbook
vision,alexnet_training_seed_06,/model/supervision,verified,curation_workbook
vision,alexnet_training_seed_06,/training/process,verified,curation_workbook
vision,alexnet_training_seed_06,/training/objective,undocumented,curation_workbook
vision,alexnet_training_seed_06,/training/loss,verified,curation_workbook
vision,alexnet_training_seed_06,/training/learning_rate,verified,curation_workbook
vision,alexnet_training_seed_06,/training/batch_size,verified,curation_workbook
vision,alexnet_training_seed_06,/training/preprocessing,verified,curation_workbook
vision,alexnet_training_seed_06,/data/training_datasets,undocumented,curation_workbook
vision,alexnet_training_seed_06,/data/dataset_size,undocumented,curation_workbook
vision,alexnet_training_seed_06,/eval/test_datasets,verified,curation_workbook
vision,alexnet_training_seed_06,/eval/validation_datasets,verified,curation_workbook
vision,alexnet_training_seed_06,/io/interface,verified,curation_workbook
vision,alexnet_training_seed_06,/io/tokenizer,verified,curation_workbook
vision,alexnet_training_seed_06,/provenance/weights_provider,verified,curation_workbook
vision,alexnet_training_seed_06,/provenance/checkpoint,verified,curation_workbook
vision,alexnet_training_seed_06,/legal/license,verified,curation_workbook
vision,alexnet_training_seed_06,/people/creators,verified,curation_workbook
vision,alexnet_training_seed_06,/people/organizations,verified,curation_workbook
vision,alexnet_training_seed_06,/lineage/base_models,verified,curation_workbook
vision,alexnet_training_seed_06,/use/applications,verified,curation_workbook
vision,alexnet_training_seed_06,/use/users,verified,curation_workbook
vision,alexnet_training_seed_06,/use/limitations,verified,curation_workbook
vision,alexnet_training_seed_06,/use/biases,verified,curation_workbook
vision,alexnet_training_seed_07,/model/display_name,verified,curation_workbook
vision,alexnet_training_seed_07,/model/version,verified,curation_workbook
vision,alexnet_training_seed_07,/model/architecture,verified,curation_workbook
vision,alexnet_training_seed_07,/model/parameter_count,verified,curation_workbook
vision,alexnet_training_seed_07,/model/trainable_layers,undocumented,curation_workbook
vision,alexnet_training_seed_07,/model/input_resolution,verified,curation_workbook
vision,alexnet_training_seed_07,/model/recurrent,verified,curation_workbook
vision,alexnet_training_seed_07,/model/visual_degrees,undocumented,curation_workbook
vision,alexnet_training_seed_07,/model/supervision,verified,curation_workbook
vision,alexnet_training_seed_07,/training/process,verified,curation_workbook
vision,alexnet_training_seed_07,/training/objective,undocumented,curation_workbook
vision,alexnet_training_seed_07,/training/loss,verified,curation_workbook
vision,alexnet_training_seed_07,/training/learning_rate,verified,curation_workbook
vision,alexnet_training_seed_07,/training/batch_size,verified,curation_workbook
vision,alexnet_training_seed_07,/training/preprocessing,verified,curation_workbook
vision,alexnet_training_seed_07,/data/training_datasets,undocumented,curation_workbook
vision,alexnet_training_seed_07,/data/dataset_size,undocumented,curation_workbook
vision,alexnet_training_seed_07,/eval/test_datasets,verified,curation_workbook
vision,alexnet_training_seed_07,/eval/validation_datasets,verified,curation_workbook
vision,alexnet_training_seed_07,/io/interface,verified,curation_workbook
vision,alexnet_training_seed_07,/io/tokenizer,verified,curation_workbook
vision,alexnet_training_seed_07,/provenance/weights_provider,verified,curation_workbook
vision,alexnet_training_seed_07,/provenance/checkpoint,verified,curation_workbook
vision,alexnet_training_seed_07,/legal/license,verified,curation_workbook
vision,alexnet_training_seed_07,/people/creators,verified,curation_workbook
vision,alexnet_training_seed_07,/people/organizations,verified,curation_workbook
vision,alexnet_training_seed_07,/lineage/base_models,verified,curation_workbook
vision,alexnet_training_seed_07,/use/applications,verified,curation_workbook
vision,alexnet_training_seed_07,/use/users,verified,curation_workbook
vision,alexnet_training_seed_07,/use/limitations,verified,curation_workbook
vision,alexnet_training_seed_07,/use/biases,verified,curation_workbook
vision,alexnet_training_seed_09,/model/display_name,verified,curation_workbook
vision,alexnet_training_seed_09,/model/version,verified,curation_workbook
vision,alexnet_training_seed_09,/model/architecture,verified,curation_workbook
vision,alexnet_training_seed_09,/model/parameter_count,verified,curation_workbook
vision,alexnet_training_seed_09,/model/trainable_layers,undocumented,curation_workbook
vision,alexnet_training_seed_09,/model/input_resolution,verified,curation_workbook
vision,alexnet_training_seed_09,/model/recurrent,verified,curation_workbook
vision,alexnet_training_seed_09,/model/visual_degrees,undocumented,curation_workbook
vision,alexnet_training_seed_09,/model/supervision,verified,curation_workbook
vision,alexnet_training_seed_09,/training/process,verified,curation_workbook
vision,alexnet_training_seed_09,/training/objective,undocumented,curation_workbook
vision,alexnet_training_seed_09,/training/loss,verified,curation_workbook
vision,alexnet_training_seed_09,/training/learning_rate,verified,curation_workbook
vision,alexnet_training_seed_09,/training/batch_size,verified,curation_workbook
vision,alexnet_training_seed_09,/training/preprocessing,verified,curation_workbook
vision,alexnet_training_seed_09,/data/training_datasets,undocumented,curation_workbook
vision,alexnet_training_seed_09,/data/dataset_size,undocumented,curation_workbook
vision,alexnet_training_seed_09,/eval/test_datasets,verified,curation_workbook
vision,alexnet_training_seed_09,/eval/validation_datasets,verified,curation_workbook
vision,alexnet_training_seed_09,/io/interface,verified,curation_workbook
vision,alexnet_training_seed_09,/io/tokenizer,verified,curation_workbook
vision,alexnet_training_seed_09,/provenance/weights_provider,verified,curation_workbook
vision,alexnet_training_seed_09,/provenance/checkpoint,verified,curation_workbook
vision,alexnet_training_seed_09,/legal/license,verified,curation_workbook
vision,alexnet_training_seed_09,/people/creators,verified,curation_workbook
vision,alexnet_training_seed_09,/people/organizations,verified,curation_workbook
vision,alexnet_training_seed_09,/lineage/base_models,verified,curation_workbook
vision,alexnet_training_seed_09,/use/applications,verified,curation_workbook
vision,alexnet_training_seed_09,/use/users,verified,curation_workbook
vision,alexnet_training_seed_09,/use/limitations,verified,curation_workbook
vision,alexnet_training_seed_09,/use/biases,verified,curation_workbook
vision,alexnet_training_seed_10,/model/display_name,verified,curation_workbook
vision,alexnet_training_seed_10,/model/version,verified,curation_workbook
vision,alexnet_training_seed_10,/model/architecture,verified,curation_workbook
vision,alexnet_training_seed_10,/model/parameter_count,verified,curation_workbook
vision,alexnet_training_seed_10,/model/trainable_layers,undocumented,curation_workbook
vision,alexnet_training_seed_10,/model/input_resolution,verified,curation_workbook
vision,alexnet_training_seed_10,/model/recurrent,verified,curation_workbook
vision,alexnet_training_seed_10,/model/visual_degrees,undocumented,curation_workbook
vision,alexnet_training_seed_10,/model/supervision,verified,curation_workbook
vision,alexnet_training_seed_10,/training/process,verified,curation_workbook
vision,alexnet_training_seed_10,/training/objective,undocumented,curation_workbook
vision,alexnet_training_seed_10,/training/loss,verified,curation_workbook
vision,alexnet_training_seed_10,/training/learning_rate,verified,curation_workbook
vision,alexnet_training_seed_10,/training/batch_size,verified,curation_workbook
vision,alexnet_training_seed_10,/training/preprocessing,verified,curation_workbook
vision,alexnet_training_seed_10,/data/training_datasets,undocumented,curation_workbook
vision,alexnet_training_seed_10,/data/dataset_size,undocumented,curation_workbook
vision,alexnet_training_seed_10,/eval/test_datasets,verified,curation_workbook
vision,alexnet_training_seed_10,/eval/validation_datasets,verified,curation_workbook
vision,alexnet_training_seed_10,/io/interface,verified,curation_workbook
vision,alexnet_training_seed_10,/io/tokenizer,verified,curation_workbook
vision,alexnet_training_seed_10,/provenance/weights_provider,verified,curation_workbook
vision,alexnet_training_seed_10,/provenance/checkpoint,verified,curation_workbook
vision,alexnet_training_seed_10,/legal/license,verified,curation_workbook
vision,alexnet_training_seed_10,/people/creators,verified,curation_workbook
vision,alexnet_training_seed_10,/people/organizations,verified,curation_workbook
vision,alexnet_training_seed_10,/lineage/base_models,verified,curation_workbook
vision,alexnet_training_seed_10,/use/applications,verified,curation_workbook
vision,alexnet_training_seed_10,/use/users,verified,curation_workbook
vision,alexnet_training_seed_10,/use/limitations,verified,curation_workbook
vision,alexnet_training_seed_10,/use/biases,verified,curation_workbook
vision,antialiased-r50,/model/display_name,verified,curation_workbook
vision,antialiased-r50,/model/version,verified,curation_workbook
vision,antialiased-r50,/model/architecture,verified,curation_workbook
vision,antialiased-r50,/model/parameter_count,verified,curation_workbook
vision,antialiased-r50,/model/trainable_layers,undocumented,curation_workbook
vision,antialiased-r50,/model/input_resolution,verified,curation_workbook
vision,antialiased-r50,/model/recurrent,verified,curation_workbook
vision,antialiased-r50,/model/visual_degrees,undocumented,curation_workbook
vision,antialiased-r50,/model/supervision,verified,curation_workbook
vision,antialiased-r50,/training/process,probable,curation_workbook
vision,antialiased-r50,/training/objective,verified,curation_workbook
vision,antialiased-r50,/training/loss,uncertain,curation_workbook
vision,antialiased-r50,/training/learning_rate,probable,curation_workbook
vision,antialiased-r50,/training/batch_size,probable,curation_workbook
vision,antialiased-r50,/training/preprocessing,probable,curation_workbook
vision,antialiased-r50,/data/training_datasets,verified,curation_workbook
vision,antialiased-r50,/data/dataset_size,verified,curation_workbook
vision,antialiased-r50,/eval/test_datasets,probable,curation_workbook
vision,antialiased-r50,/eval/validation_datasets,probable,curation_workbook
vision,antialiased-r50,/io/interface,verified,curation_workbook
vision,antialiased-r50,/io/tokenizer,verified,curation_workbook
vision,antialiased-r50,/provenance/weights_provider,verified,curation_workbook
vision,antialiased-r50,/provenance/checkpoint,verified,curation_workbook
vision,antialiased-r50,/legal/license,verified,curation_workbook
vision,antialiased-r50,/people/creators,verified,curation_workbook
vision,antialiased-r50,/people/organizations,verified,curation_workbook
vision,antialiased-r50,/lineage/base_models,verified,curation_workbook
vision,antialiased-r50,/use/applications,probable,curation_workbook
vision,antialiased-r50,/use/users,probable,curation_workbook
vision,antialiased-r50,/use/limitations,probable,curation_workbook
vision,antialiased-r50,/use/biases,undocumented,curation_workbook
vision,AT_efficientnet-b2,/model/display_name,verified,curation_workbook
vision,AT_efficientnet-b2,/model/version,undocumented,curation_workbook
vision,AT_efficientnet-b2,/model/architecture,undocumented,curation_workbook
vision,AT_efficientnet-b2,/model/parameter_count,undocumented,curation_workbook
vision,AT_efficientnet-b2,/model/trainable_layers,undocumented,curation_workbook
vision,AT_efficientnet-b2,/model/input_resolution,undocumented,curation_workbook
vision,AT_efficientnet-b2,/model/recurrent,undocumented,curation_workbook
vision,AT_efficientnet-b2,/model/visual_degrees,undocumented,curation_workbook
vision,AT_efficientnet-b2,/model/supervision,undocumented,curation_workbook
vision,AT_efficientnet-b2,/training/process,undocumented,curation_workbook
vision,AT_efficientnet-b2,/training/objective,undocumented,curation_workbook
vision,AT_efficientnet-b2,/training/loss,undocumented,curation_workbook
vision,AT_efficientnet-b2,/training/learning_rate,undocumented,curation_workbook
vision,AT_efficientnet-b2,/training/batch_size,undocumented,curation_workbook
vision,AT_efficientnet-b2,/training/preprocessing,undocumented,curation_workbook
vision,AT_efficientnet-b2,/data/training_datasets,undocumented,curation_workbook
vision,AT_efficientnet-b2,/data/dataset_size,undocumented,curation_workbook
vision,AT_efficientnet-b2,/eval/test_datasets,undocumented,curation_workbook
vision,AT_efficientnet-b2,/eval/validation_datasets,undocumented,curation_workbook
vision,AT_efficientnet-b2,/io/interface,undocumented,curation_workbook
vision,AT_efficientnet-b2,/io/tokenizer,undocumented,curation_workbook
vision,AT_efficientnet-b2,/provenance/weights_provider,undocumented,curation_workbook
vision,AT_efficientnet-b2,/provenance/checkpoint,undocumented,curation_workbook
vision,AT_efficientnet-b2,/legal/license,undocumented,curation_workbook
vision,AT_efficientnet-b2,/people/creators,undocumented,curation_workbook
vision,AT_efficientnet-b2,/people/organizations,undocumented,curation_workbook
vision,AT_efficientnet-b2,/lineage/base_models,undocumented,curation_workbook
vision,AT_efficientnet-b2,/use/applications,undocumented,curation_workbook
vision,AT_efficientnet-b2,/use/users,undocumented,curation_workbook
vision,AT_efficientnet-b2,/use/limitations,undocumented,curation_workbook
vision,AT_efficientnet-b2,/use/biases,undocumented,curation_workbook
vision,compact_resnet50_robust_V4,/model/display_name,verified,curation_workbook
vision,compact_resnet50_robust_V4,/model/version,undocumented,curation_workbook
vision,compact_resnet50_robust_V4,/model/architecture,undocumented,curation_workbook
vision,compact_resnet50_robust_V4,/model/parameter_count,undocumented,curation_workbook
vision,compact_resnet50_robust_V4,/model/trainable_layers,undocumented,curation_workbook
vision,compact_resnet50_robust_V4,/model/input_resolution,undocumented,curation_workbook
vision,compact_resnet50_robust_V4,/model/recurrent,undocumented,curation_workbook
vision,compact_resnet50_robust_V4,/model/visual_degrees,undocumented,curation_workbook
vision,compact_resnet50_robust_V4,/model/supervision,undocumented,curation_workbook
vision,compact_resnet50_robust_V4,/training/process,undocumented,curation_workbook
vision,compact_resnet50_robust_V4,/training/objective,undocumented,curation_workbook
vision,compact_resnet50_robust_V4,/training/loss,undocumented,curation_workbook
vision,compact_resnet50_robust_V4,/training/learning_rate,undocumented,curation_workbook
vision,compact_resnet50_robust_V4,/training/batch_size,undocumented,curation_workbook
vision,compact_resnet50_robust_V4,/training/preprocessing,undocumented,curation_workbook
vision,compact_resnet50_robust_V4,/data/training_datasets,undocumented,curation_workbook
vision,compact_resnet50_robust_V4,/data/dataset_size,undocumented,curation_workbook
vision,compact_resnet50_robust_V4,/eval/test_datasets,undocumented,curation_workbook
vision,compact_resnet50_robust_V4,/eval/validation_datasets,undocumented,curation_workbook
vision,compact_resnet50_robust_V4,/io/interface,undocumented,curation_workbook
vision,compact_resnet50_robust_V4,/io/tokenizer,undocumented,curation_workbook
vision,compact_resnet50_robust_V4,/provenance/weights_provider,undocumented,curation_workbook
vision,compact_resnet50_robust_V4,/provenance/checkpoint,undocumented,curation_workbook
vision,compact_resnet50_robust_V4,/legal/license,undocumented,curation_workbook
vision,compact_resnet50_robust_V4,/people/creators,undocumented,curation_workbook
vision,compact_resnet50_robust_V4,/people/organizations,undocumented,curation_workbook
vision,compact_resnet50_robust_V4,/lineage/base_models,undocumented,curation_workbook
vision,compact_resnet50_robust_V4,/use/applications,undocumented,curation_workbook
vision,compact_resnet50_robust_V4,/use/users,undocumented,curation_workbook
vision,compact_resnet50_robust_V4,/use/limitations,undocumented,curation_workbook
vision,compact_resnet50_robust_V4,/use/biases,undocumented,curation_workbook
vision,convnext_base:clip_laiona_augreg_ft_in1k_384,/model/display_name,verified,curation_workbook
vision,convnext_base:clip_laiona_augreg_ft_in1k_384,/model/version,probable,curation_workbook
vision,convnext_base:clip_laiona_augreg_ft_in1k_384,/model/architecture,verified,curation_workbook
vision,convnext_base:clip_laiona_augreg_ft_in1k_384,/model/parameter_count,verified,curation_workbook
vision,convnext_base:clip_laiona_augreg_ft_in1k_384,/model/trainable_layers,undocumented,curation_workbook
vision,convnext_base:clip_laiona_augreg_ft_in1k_384,/model/input_resolution,verified,curation_workbook
vision,convnext_base:clip_laiona_augreg_ft_in1k_384,/model/recurrent,verified,curation_workbook
vision,convnext_base:clip_laiona_augreg_ft_in1k_384,/model/visual_degrees,undocumented,curation_workbook
vision,convnext_base:clip_laiona_augreg_ft_in1k_384,/model/supervision,verified,curation_workbook
vision,convnext_base:clip_laiona_augreg_ft_in1k_384,/training/process,verified,curation_workbook
vision,convnext_base:clip_laiona_augreg_ft_in1k_384,/training/objective,probable,curation_workbook
vision,convnext_base:clip_laiona_augreg_ft_in1k_384,/training/loss,undocumented,curation_workbook
vision,convnext_base:clip_laiona_augreg_ft_in1k_384,/training/learning_rate,undocumented,curation_workbook
vision,convnext_base:clip_laiona_augreg_ft_in1k_384,/training/batch_size,undocumented,curation_workbook
vision,convnext_base:clip_laiona_augreg_ft_in1k_384,/training/preprocessing,probable,curation_workbook
vision,convnext_base:clip_laiona_augreg_ft_in1k_384,/data/training_datasets,verified,curation_workbook
vision,convnext_base:clip_laiona_augreg_ft_in1k_384,/data/dataset_size,verified,curation_workbook
vision,convnext_base:clip_laiona_augreg_ft_in1k_384,/eval/test_datasets,verified,curation_workbook
vision,convnext_base:clip_laiona_augreg_ft_in1k_384,/eval/validation_datasets,probable,curation_workbook
vision,convnext_base:clip_laiona_augreg_ft_in1k_384,/io/interface,verified,curation_workbook
vision,convnext_base:clip_laiona_augreg_ft_in1k_384,/io/tokenizer,verified,curation_workbook
vision,convnext_base:clip_laiona_augreg_ft_in1k_384,/provenance/weights_provider,verified,curation_workbook
vision,convnext_base:clip_laiona_augreg_ft_in1k_384,/provenance/checkpoint,verified,curation_workbook
vision,convnext_base:clip_laiona_augreg_ft_in1k_384,/legal/license,verified,curation_workbook
vision,convnext_base:clip_laiona_augreg_ft_in1k_384,/people/creators,verified,curation_workbook
vision,convnext_base:clip_laiona_augreg_ft_in1k_384,/people/organizations,verified,curation_workbook
vision,convnext_base:clip_laiona_augreg_ft_in1k_384,/lineage/base_models,verified,curation_workbook
vision,convnext_base:clip_laiona_augreg_ft_in1k_384,/use/applications,verified,curation_workbook
vision,convnext_base:clip_laiona_augreg_ft_in1k_384,/use/users,probable,curation_workbook
vision,convnext_base:clip_laiona_augreg_ft_in1k_384,/use/limitations,undocumented,curation_workbook
vision,convnext_base:clip_laiona_augreg_ft_in1k_384,/use/biases,undocumented,curation_workbook
vision,convnext_base_imagenet_full_seed-0,/model/display_name,verified,curation_workbook
vision,convnext_base_imagenet_full_seed-0,/model/version,uncertain,curation_workbook
vision,convnext_base_imagenet_full_seed-0,/model/architecture,verified,curation_workbook
vision,convnext_base_imagenet_full_seed-0,/model/parameter_count,verified,curation_workbook
vision,convnext_base_imagenet_full_seed-0,/model/trainable_layers,undocumented,curation_workbook
vision,convnext_base_imagenet_full_seed-0,/model/input_resolution,probable,curation_workbook
vision,convnext_base_imagenet_full_seed-0,/model/recurrent,verified,curation_workbook
vision,convnext_base_imagenet_full_seed-0,/model/visual_degrees,undocumented,curation_workbook
vision,convnext_base_imagenet_full_seed-0,/model/supervision,probable,curation_workbook
vision,convnext_base_imagenet_full_seed-0,/training/process,probable,curation_workbook
vision,convnext_base_imagenet_full_seed-0,/training/objective,probable,curation_workbook
vision,convnext_base_imagenet_full_seed-0,/training/loss,undocumented,curation_workbook
vision,convnext_base_imagenet_full_seed-0,/training/learning_rate,undocumented,curation_workbook
vision,convnext_base_imagenet_full_seed-0,/training/batch_size,undocumented,curation_workbook
vision,convnext_base_imagenet_full_seed-0,/training/preprocessing,undocumented,curation_workbook
vision,convnext_base_imagenet_full_seed-0,/data/training_datasets,probable,curation_workbook
vision,convnext_base_imagenet_full_seed-0,/data/dataset_size,verified,curation_workbook
vision,convnext_base_imagenet_full_seed-0,/eval/test_datasets,probable,curation_workbook
vision,convnext_base_imagenet_full_seed-0,/eval/validation_datasets,uncertain,curation_workbook
vision,convnext_base_imagenet_full_seed-0,/io/interface,probable,curation_workbook
vision,convnext_base_imagenet_full_seed-0,/io/tokenizer,verified,curation_workbook
vision,convnext_base_imagenet_full_seed-0,/provenance/weights_provider,probable,curation_workbook
vision,convnext_base_imagenet_full_seed-0,/provenance/checkpoint,undocumented,curation_workbook
vision,convnext_base_imagenet_full_seed-0,/legal/license,undocumented,curation_workbook
vision,convnext_base_imagenet_full_seed-0,/people/creators,undocumented,curation_workbook
vision,convnext_base_imagenet_full_seed-0,/people/organizations,undocumented,curation_workbook
vision,convnext_base_imagenet_full_seed-0,/lineage/base_models,verified,curation_workbook
vision,convnext_base_imagenet_full_seed-0,/use/applications,verified,curation_workbook
vision,convnext_base_imagenet_full_seed-0,/use/users,probable,curation_workbook
vision,convnext_base_imagenet_full_seed-0,/use/limitations,undocumented,curation_workbook
vision,convnext_base_imagenet_full_seed-0,/use/biases,undocumented,curation_workbook
vision,convnext_tiny:in12k_ft_in1k,/model/display_name,verified,curation_workbook
vision,convnext_tiny:in12k_ft_in1k,/model/version,probable,curation_workbook
vision,convnext_tiny:in12k_ft_in1k,/model/architecture,verified,curation_workbook
vision,convnext_tiny:in12k_ft_in1k,/model/parameter_count,verified,curation_workbook
vision,convnext_tiny:in12k_ft_in1k,/model/trainable_layers,probable,curation_workbook
vision,convnext_tiny:in12k_ft_in1k,/model/input_resolution,verified,curation_workbook
vision,convnext_tiny:in12k_ft_in1k,/model/recurrent,verified,curation_workbook
vision,convnext_tiny:in12k_ft_in1k,/model/visual_degrees,undocumented,curation_workbook
vision,convnext_tiny:in12k_ft_in1k,/model/supervision,verified,curation_workbook
vision,convnext_tiny:in12k_ft_in1k,/training/process,verified,curation_workbook
vision,convnext_tiny:in12k_ft_in1k,/training/objective,verified,curation_workbook
vision,convnext_tiny:in12k_ft_in1k,/training/loss,undocumented,curation_workbook
vision,convnext_tiny:in12k_ft_in1k,/training/learning_rate,undocumented,curation_workbook
vision,convnext_tiny:in12k_ft_in1k,/training/batch_size,undocumented,curation_workbook
vision,convnext_tiny:in12k_ft_in1k,/training/preprocessing,probable,curation_workbook
vision,convnext_tiny:in12k_ft_in1k,/data/training_datasets,verified,curation_workbook
vision,convnext_tiny:in12k_ft_in1k,/data/dataset_size,probable,curation_workbook
vision,convnext_tiny:in12k_ft_in1k,/eval/test_datasets,verified,curation_workbook
vision,convnext_tiny:in12k_ft_in1k,/eval/validation_datasets,probable,curation_workbook
vision,convnext_tiny:in12k_ft_in1k,/io/interface,verified,curation_workbook
vision,convnext_tiny:in12k_ft_in1k,/io/tokenizer,verified,curation_workbook
vision,convnext_tiny:in12k_ft_in1k,/provenance/weights_provider,verified,curation_workbook
vision,convnext_tiny:in12k_ft_in1k,/provenance/checkpoint,verified,curation_workbook
vision,convnext_tiny:in12k_ft_in1k,/legal/license,verified,curation_workbook
vision,convnext_tiny:in12k_ft_in1k,/people/creators,verified,curation_workbook
vision,convnext_tiny:in12k_ft_in1k,/people/organizations,verified,curation_workbook
vision,convnext_tiny:in12k_ft_in1k,/lineage/base_models,verified,curation_workbook
vision,convnext_tiny:in12k_ft_in1k,/use/applications,verified,curation_workbook
vision,convnext_tiny:in12k_ft_in1k,/use/users,probable,curation_workbook
vision,convnext_tiny:in12k_ft_in1k,/use/limitations,undocumented,curation_workbook
vision,convnext_tiny:in12k_ft_in1k,/use/biases,undocumented,curation_workbook
vision,convnext_tiny_imagenet_full_seed-0,/model/display_name,verified,curation_workbook
vision,convnext_tiny_imagenet_full_seed-0,/model/version,undocumented,curation_workbook
vision,convnext_tiny_imagenet_full_seed-0,/model/architecture,verified,curation_workbook
vision,convnext_tiny_imagenet_full_seed-0,/model/parameter_count,probable,curation_workbook
vision,convnext_tiny_imagenet_full_seed-0,/model/trainable_layers,undocumented,curation_workbook
vision,convnext_tiny_imagenet_full_seed-0,/model/input_resolution,uncertain,curation_workbook
vision,convnext_tiny_imagenet_full_seed-0,/model/recurrent,verified,curation_workbook
vision,convnext_tiny_imagenet_full_seed-0,/model/visual_degrees,undocumented,curation_workbook
vision,convnext_tiny_imagenet_full_seed-0,/model/supervision,probable,curation_workbook
vision,convnext_tiny_imagenet_full_seed-0,/training/process,probable,curation_workbook
vision,convnext_tiny_imagenet_full_seed-0,/training/objective,probable,curation_workbook
vision,convnext_tiny_imagenet_full_seed-0,/training/loss,undocumented,curation_workbook
vision,convnext_tiny_imagenet_full_seed-0,/training/learning_rate,undocumented,curation_workbook
vision,convnext_tiny_imagenet_full_seed-0,/training/batch_size,undocumented,curation_workbook
vision,convnext_tiny_imagenet_full_seed-0,/training/preprocessing,undocumented,curation_workbook
vision,convnext_tiny_imagenet_full_seed-0,/data/training_datasets,probable,curation_workbook
vision,convnext_tiny_imagenet_full_seed-0,/data/dataset_size,probable,curation_workbook
vision,convnext_tiny_imagenet_full_seed-0,/eval/test_datasets,probable,curation_workbook
vision,convnext_tiny_imagenet_full_seed-0,/eval/validation_datasets,uncertain,curation_workbook
vision,convnext_tiny_imagenet_full_seed-0,/io/interface,uncertain,curation_workbook
vision,convnext_tiny_imagenet_full_seed-0,/io/tokenizer,verified,curation_workbook
vision,convnext_tiny_imagenet_full_seed-0,/provenance/weights_provider,probable,curation_workbook
vision,convnext_tiny_imagenet_full_seed-0,/provenance/checkpoint,undocumented,curation_workbook
vision,convnext_tiny_imagenet_full_seed-0,/legal/license,undocumented,curation_workbook
vision,convnext_tiny_imagenet_full_seed-0,/people/creators,undocumented,curation_workbook
vision,convnext_tiny_imagenet_full_seed-0,/people/organizations,undocumented,curation_workbook
vision,convnext_tiny_imagenet_full_seed-0,/lineage/base_models,probable,curation_workbook
vision,convnext_tiny_imagenet_full_seed-0,/use/applications,verified,curation_workbook
vision,convnext_tiny_imagenet_full_seed-0,/use/users,probable,curation_workbook
vision,convnext_tiny_imagenet_full_seed-0,/use/limitations,undocumented,curation_workbook
vision,convnext_tiny_imagenet_full_seed-0,/use/biases,undocumented,curation_workbook
vision,convnext_tiny_sup,/model/display_name,verified,curation_workbook
vision,convnext_tiny_sup,/model/version,undocumented,curation_workbook
vision,convnext_tiny_sup,/model/architecture,verified,curation_workbook
vision,convnext_tiny_sup,/model/parameter_count,uncertain,curation_workbook
vision,convnext_tiny_sup,/model/trainable_layers,undocumented,curation_workbook
vision,convnext_tiny_sup,/model/input_resolution,uncertain,curation_workbook
vision,convnext_tiny_sup,/model/recurrent,verified,curation_workbook
vision,convnext_tiny_sup,/model/visual_degrees,undocumented,curation_workbook
vision,convnext_tiny_sup,/model/supervision,verified,curation_workbook
vision,convnext_tiny_sup,/training/process,uncertain,curation_workbook
vision,convnext_tiny_sup,/training/objective,verified,curation_workbook
vision,convnext_tiny_sup,/training/loss,undocumented,curation_workbook
vision,convnext_tiny_sup,/training/learning_rate,undocumented,curation_workbook
vision,convnext_tiny_sup,/training/batch_size,undocumented,curation_workbook
vision,convnext_tiny_sup,/training/preprocessing,undocumented,curation_workbook
vision,convnext_tiny_sup,/data/training_datasets,verified,curation_workbook
vision,convnext_tiny_sup,/data/dataset_size,undocumented,curation_workbook
vision,convnext_tiny_sup,/eval/test_datasets,probable,curation_workbook
vision,convnext_tiny_sup,/eval/validation_datasets,probable,curation_workbook
vision,convnext_tiny_sup,/io/interface,uncertain,curation_workbook
vision,convnext_tiny_sup,/io/tokenizer,verified,curation_workbook
vision,convnext_tiny_sup,/provenance/weights_provider,probable,curation_workbook
vision,convnext_tiny_sup,/provenance/checkpoint,undocumented,curation_workbook
vision,convnext_tiny_sup,/legal/license,undocumented,curation_workbook
vision,convnext_tiny_sup,/people/creators,undocumented,curation_workbook
vision,convnext_tiny_sup,/people/organizations,undocumented,curation_workbook
vision,convnext_tiny_sup,/lineage/base_models,verified,curation_workbook
vision,convnext_tiny_sup,/use/applications,verified,curation_workbook
vision,convnext_tiny_sup,/use/users,probable,curation_workbook
vision,convnext_tiny_sup,/use/limitations,undocumented,curation_workbook
vision,convnext_tiny_sup,/use/biases,undocumented,curation_workbook
vision,convnext_xlarge:fb_in22k_ft_in1k,/model/display_name,verified,curation_workbook
vision,convnext_xlarge:fb_in22k_ft_in1k,/model/version,probable,curation_workbook
vision,convnext_xlarge:fb_in22k_ft_in1k,/model/architecture,verified,curation_workbook
vision,convnext_xlarge:fb_in22k_ft_in1k,/model/parameter_count,verified,curation_workbook
vision,convnext_xlarge:fb_in22k_ft_in1k,/model/trainable_layers,probable,curation_workbook
vision,convnext_xlarge:fb_in22k_ft_in1k,/model/input_resolution,verified,curation_workbook
vision,convnext_xlarge:fb_in22k_ft_in1k,/model/recurrent,verified,curation_workbook
vision,convnext_xlarge:fb_in22k_ft_in1k,/model/visual_degrees,undocumented,curation_workbook
vision,convnext_xlarge:fb_in22k_ft_in1k,/model/supervision,verified,curation_workbook
vision,convnext_xlarge:fb_in22k_ft_in1k,/training/process,verified,curation_workbook
vision,convnext_xlarge:fb_in22k_ft_in1k,/training/objective,verified,curation_workbook
vision,convnext_xlarge:fb_in22k_ft_in1k,/training/loss,undocumented,curation_workbook
vision,convnext_xlarge:fb_in22k_ft_in1k,/training/learning_rate,undocumented,curation_workbook
vision,convnext_xlarge:fb_in22k_ft_in1k,/training/batch_size,undocumented,curation_workbook
vision,convnext_xlarge:fb_in22k_ft_in1k,/training/preprocessing,probable,curation_workbook
vision,convnext_xlarge:fb_in22k_ft_in1k,/data/training_datasets,verified,curation_workbook
vision,convnext_xlarge:fb_in22k_ft_in1k,/data/dataset_size,probable,curation_workbook
vision,convnext_xlarge:fb_in22k_ft_in1k,/eval/test_datasets,verified,curation_workbook
vision,convnext_xlarge:fb_in22k_ft_in1k,/eval/validation_datasets,probable,curation_workbook
vision,convnext_xlarge:fb_in22k_ft_in1k,/io/interface,verified,curation_workbook
vision,convnext_xlarge:fb_in22k_ft_in1k,/io/tokenizer,verified,curation_workbook
vision,convnext_xlarge:fb_in22k_ft_in1k,/provenance/weights_provider,verified,curation_workbook
vision,convnext_xlarge:fb_in22k_ft_in1k,/provenance/checkpoint,verified,curation_workbook
vision,convnext_xlarge:fb_in22k_ft_in1k,/legal/license,verified,curation_workbook
vision,convnext_xlarge:fb_in22k_ft_in1k,/people/creators,verified,curation_workbook
vision,convnext_xlarge:fb_in22k_ft_in1k,/people/organizations,verified,curation_workbook
vision,convnext_xlarge:fb_in22k_ft_in1k,/lineage/base_models,verified,curation_workbook
vision,convnext_xlarge:fb_in22k_ft_in1k,/use/applications,verified,curation_workbook
vision,convnext_xlarge:fb_in22k_ft_in1k,/use/users,probable,curation_workbook
vision,convnext_xlarge:fb_in22k_ft_in1k,/use/limitations,undocumented,curation_workbook
vision,convnext_xlarge:fb_in22k_ft_in1k,/use/biases,undocumented,curation_workbook
vision,convnext_xxlarge:clip_laion2b_soup_ft_in1k,/model/display_name,verified,curation_workbook
vision,convnext_xxlarge:clip_laion2b_soup_ft_in1k,/model/version,probable,curation_workbook
vision,convnext_xxlarge:clip_laion2b_soup_ft_in1k,/model/architecture,verified,curation_workbook
vision,convnext_xxlarge:clip_laion2b_soup_ft_in1k,/model/parameter_count,verified,curation_workbook
vision,convnext_xxlarge:clip_laion2b_soup_ft_in1k,/model/trainable_layers,probable,curation_workbook
vision,convnext_xxlarge:clip_laion2b_soup_ft_in1k,/model/input_resolution,verified,curation_workbook
vision,convnext_xxlarge:clip_laion2b_soup_ft_in1k,/model/recurrent,verified,curation_workbook
vision,convnext_xxlarge:clip_laion2b_soup_ft_in1k,/model/visual_degrees,undocumented,curation_workbook
vision,convnext_xxlarge:clip_laion2b_soup_ft_in1k,/model/supervision,verified,curation_workbook
vision,convnext_xxlarge:clip_laion2b_soup_ft_in1k,/training/process,verified,curation_workbook
vision,convnext_xxlarge:clip_laion2b_soup_ft_in1k,/training/objective,verified,curation_workbook
vision,convnext_xxlarge:clip_laion2b_soup_ft_in1k,/training/loss,undocumented,curation_workbook
vision,convnext_xxlarge:clip_laion2b_soup_ft_in1k,/training/learning_rate,undocumented,curation_workbook
vision,convnext_xxlarge:clip_laion2b_soup_ft_in1k,/training/batch_size,undocumented,curation_workbook
vision,convnext_xxlarge:clip_laion2b_soup_ft_in1k,/training/preprocessing,probable,curation_workbook
vision,convnext_xxlarge:clip_laion2b_soup_ft_in1k,/data/training_datasets,verified,curation_workbook
vision,convnext_xxlarge:clip_laion2b_soup_ft_in1k,/data/dataset_size,probable,curation_workbook
vision,convnext_xxlarge:clip_laion2b_soup_ft_in1k,/eval/test_datasets,verified,curation_workbook
vision,convnext_xxlarge:clip_laion2b_soup_ft_in1k,/eval/validation_datasets,probable,curation_workbook
vision,convnext_xxlarge:clip_laion2b_soup_ft_in1k,/io/interface,verified,curation_workbook
vision,convnext_xxlarge:clip_laion2b_soup_ft_in1k,/io/tokenizer,verified,curation_workbook
vision,convnext_xxlarge:clip_laion2b_soup_ft_in1k,/provenance/weights_provider,verified,curation_workbook
vision,convnext_xxlarge:clip_laion2b_soup_ft_in1k,/provenance/checkpoint,verified,curation_workbook
vision,convnext_xxlarge:clip_laion2b_soup_ft_in1k,/legal/license,verified,curation_workbook
vision,convnext_xxlarge:clip_laion2b_soup_ft_in1k,/people/creators,verified,curation_workbook
vision,convnext_xxlarge:clip_laion2b_soup_ft_in1k,/people/organizations,verified,curation_workbook
vision,convnext_xxlarge:clip_laion2b_soup_ft_in1k,/lineage/base_models,verified,curation_workbook
vision,convnext_xxlarge:clip_laion2b_soup_ft_in1k,/use/applications,verified,curation_workbook
vision,convnext_xxlarge:clip_laion2b_soup_ft_in1k,/use/users,probable,curation_workbook
vision,convnext_xxlarge:clip_laion2b_soup_ft_in1k,/use/limitations,probable,curation_workbook
vision,convnext_xxlarge:clip_laion2b_soup_ft_in1k,/use/biases,undocumented,curation_workbook
vision,CORnet-S,/model/display_name,verified,curation_workbook
vision,CORnet-S,/model/version,probable,curation_workbook
vision,CORnet-S,/model/architecture,verified,curation_workbook
vision,CORnet-S,/model/parameter_count,undocumented,curation_workbook
vision,CORnet-S,/model/trainable_layers,verified,curation_workbook
vision,CORnet-S,/model/input_resolution,probable,curation_workbook
vision,CORnet-S,/model/recurrent,verified,curation_workbook
vision,CORnet-S,/model/visual_degrees,undocumented,curation_workbook
vision,CORnet-S,/model/supervision,verified,curation_workbook
vision,CORnet-S,/training/process,verified,curation_workbook
vision,CORnet-S,/training/objective,verified,curation_workbook
vision,CORnet-S,/training/loss,undocumented,curation_workbook
vision,CORnet-S,/training/learning_rate,verified,curation_workbook
vision,CORnet-S,/training/batch_size,undocumented,curation_workbook
vision,CORnet-S,/training/preprocessing,probable,curation_workbook
vision,CORnet-S,/data/training_datasets,verified,curation_workbook
vision,CORnet-S,/data/dataset_size,probable,curation_workbook
vision,CORnet-S,/eval/test_datasets,verified,curation_workbook
vision,CORnet-S,/eval/validation_datasets,probable,curation_workbook
vision,CORnet-S,/io/interface,verified,curation_workbook
vision,CORnet-S,/io/tokenizer,verified,curation_workbook
vision,CORnet-S,/provenance/weights_provider,verified,curation_workbook
vision,CORnet-S,/provenance/checkpoint,verified,curation_workbook
vision,CORnet-S,/legal/license,verified,curation_workbook
vision,CORnet-S,/people/creators,verified,curation_workbook
vision,CORnet-S,/people/organizations,verified,curation_workbook
vision,CORnet-S,/lineage/base_models,undocumented,curation_workbook
vision,CORnet-S,/use/applications,verified,curation_workbook
vision,CORnet-S,/use/users,verified,curation_workbook
vision,CORnet-S,/use/limitations,verified,curation_workbook
vision,CORnet-S,/use/biases,undocumented,curation_workbook
vision,effnetb1_cutmixpatch_augmix_robust32_avge4e7_manylayers_324x288,/model/display_name,verified,curation_workbook
vision,effnetb1_cutmixpatch_augmix_robust32_avge4e7_manylayers_324x288,/model/version,verified,curation_workbook
vision,effnetb1_cutmixpatch_augmix_robust32_avge4e7_manylayers_324x288,/model/architecture,verified,curation_workbook
vision,effnetb1_cutmixpatch_augmix_robust32_avge4e7_manylayers_324x288,/model/parameter_count,probable,curation_workbook
vision,effnetb1_cutmixpatch_augmix_robust32_avge4e7_manylayers_324x288,/model/trainable_layers,verified,curation_workbook
vision,effnetb1_cutmixpatch_augmix_robust32_avge4e7_manylayers_324x288,/model/input_resolution,verified,curation_workbook
vision,effnetb1_cutmixpatch_augmix_robust32_avge4e7_manylayers_324x288,/model/recurrent,verified,curation_workbook
vision,effnetb1_cutmixpatch_augmix_robust32_avge4e7_manylayers_324x288,/model/visual_degrees,undocumented,curation_workbook
vision,effnetb1_cutmixpatch_augmix_robust32_avge4e7_manylayers_324x288,/model/supervision,probable,curation_workbook
vision,effnetb1_cutmixpatch_augmix_robust32_avge4e7_manylayers_324x288,/training/process,verified,curation_workbook
vision,effnetb1_cutmixpatch_augmix_robust32_avge4e7_manylayers_324x288,/training/objective,verified,curation_workbook
vision,effnetb1_cutmixpatch_augmix_robust32_avge4e7_manylayers_324x288,/training/loss,verified,curation_workbook
vision,effnetb1_cutmixpatch_augmix_robust32_avge4e7_manylayers_324x288,/training/learning_rate,undocumented,curation_workbook
vision,effnetb1_cutmixpatch_augmix_robust32_avge4e7_manylayers_324x288,/training/batch_size,probable,curation_workbook
vision,effnetb1_cutmixpatch_augmix_robust32_avge4e7_manylayers_324x288,/training/preprocessing,verified,curation_workbook
vision,effnetb1_cutmixpatch_augmix_robust32_avge4e7_manylayers_324x288,/data/training_datasets,probable,curation_workbook
vision,effnetb1_cutmixpatch_augmix_robust32_avge4e7_manylayers_324x288,/data/dataset_size,probable,curation_workbook
vision,effnetb1_cutmixpatch_augmix_robust32_avge4e7_manylayers_324x288,/eval/test_datasets,verified,curation_workbook
vision,effnetb1_cutmixpatch_augmix_robust32_avge4e7_manylayers_324x288,/eval/validation_datasets,probable,curation_workbook
vision,effnetb1_cutmixpatch_augmix_robust32_avge4e7_manylayers_324x288,/io/interface,verified,curation_workbook
vision,effnetb1_cutmixpatch_augmix_robust32_avge4e7_manylayers_324x288,/io/tokenizer,verified,curation_workbook
vision,effnetb1_cutmixpatch_augmix_robust32_avge4e7_manylayers_324x288,/provenance/weights_provider,verified,curation_workbook
vision,effnetb1_cutmixpatch_augmix_robust32_avge4e7_manylayers_324x288,/provenance/checkpoint,verified,curation_workbook
vision,effnetb1_cutmixpatch_augmix_robust32_avge4e7_manylayers_324x288,/legal/license,probable,curation_workbook
vision,effnetb1_cutmixpatch_augmix_robust32_avge4e7_manylayers_324x288,/people/creators,verified,curation_workbook
vision,effnetb1_cutmixpatch_augmix_robust32_avge4e7_manylayers_324x288,/people/organizations,verified,curation_workbook
vision,effnetb1_cutmixpatch_augmix_robust32_avge4e7_manylayers_324x288,/lineage/base_models,verified,curation_workbook
vision,effnetb1_cutmixpatch_augmix_robust32_avge4e7_manylayers_324x288,/use/applications,probable,curation_workbook
vision,effnetb1_cutmixpatch_augmix_robust32_avge4e7_manylayers_324x288,/use/users,probable,curation_workbook
vision,effnetb1_cutmixpatch_augmix_robust32_avge4e7_manylayers_324x288,/use/limitations,probable,curation_workbook
vision,effnetb1_cutmixpatch_augmix_robust32_avge4e7_manylayers_324x288,/use/biases,probable,curation_workbook
vision,effnetb1_cutmixpatch_SAM_robust32_avge6e8e9e10_manylayers_324x288,/model/display_name,verified,curation_workbook
vision,effnetb1_cutmixpatch_SAM_robust32_avge6e8e9e10_manylayers_324x288,/model/version,verified,curation_workbook
vision,effnetb1_cutmixpatch_SAM_robust32_avge6e8e9e10_manylayers_324x288,/model/architecture,verified,curation_workbook
vision,effnetb1_cutmixpatch_SAM_robust32_avge6e8e9e10_manylayers_324x288,/model/parameter_count,probable,curation_workbook
vision,effnetb1_cutmixpatch_SAM_robust32_avge6e8e9e10_manylayers_324x288,/model/trainable_layers,verified,curation_workbook
vision,effnetb1_cutmixpatch_SAM_robust32_avge6e8e9e10_manylayers_324x288,/model/input_resolution,verified,curation_workbook
vision,effnetb1_cutmixpatch_SAM_robust32_avge6e8e9e10_manylayers_324x288,/model/recurrent,verified,curation_workbook
vision,effnetb1_cutmixpatch_SAM_robust32_avge6e8e9e10_manylayers_324x288,/model/visual_degrees,undocumented,curation_workbook
vision,effnetb1_cutmixpatch_SAM_robust32_avge6e8e9e10_manylayers_324x288,/model/supervision,probable,curation_workbook
vision,effnetb1_cutmixpatch_SAM_robust32_avge6e8e9e10_manylayers_324x288,/training/process,verified,curation_workbook
vision,effnetb1_cutmixpatch_SAM_robust32_avge6e8e9e10_manylayers_324x288,/training/objective,verified,curation_workbook
vision,effnetb1_cutmixpatch_SAM_robust32_avge6e8e9e10_manylayers_324x288,/training/loss,verified,curation_workbook
vision,effnetb1_cutmixpatch_SAM_robust32_avge6e8e9e10_manylayers_324x288,/training/learning_rate,undocumented,curation_workbook
vision,effnetb1_cutmixpatch_SAM_robust32_avge6e8e9e10_manylayers_324x288,/training/batch_size,probable,curation_workbook
vision,effnetb1_cutmixpatch_SAM_robust32_avge6e8e9e10_manylayers_324x288,/training/preprocessing,verified,curation_workbook
vision,effnetb1_cutmixpatch_SAM_robust32_avge6e8e9e10_manylayers_324x288,/data/training_datasets,probable,curation_workbook
vision,effnetb1_cutmixpatch_SAM_robust32_avge6e8e9e10_manylayers_324x288,/data/dataset_size,probable,curation_workbook
vision,effnetb1_cutmixpatch_SAM_robust32_avge6e8e9e10_manylayers_324x288,/eval/test_datasets,verified,curation_workbook
vision,effnetb1_cutmixpatch_SAM_robust32_avge6e8e9e10_manylayers_324x288,/eval/validation_datasets,probable,curation_workbook
vision,effnetb1_cutmixpatch_SAM_robust32_avge6e8e9e10_manylayers_324x288,/io/interface,verified,curation_workbook
vision,effnetb1_cutmixpatch_SAM_robust32_avge6e8e9e10_manylayers_324x288,/io/tokenizer,verified,curation_workbook
vision,effnetb1_cutmixpatch_SAM_robust32_avge6e8e9e10_manylayers_324x288,/provenance/weights_provider,verified,curation_workbook
vision,effnetb1_cutmixpatch_SAM_robust32_avge6e8e9e10_manylayers_324x288,/provenance/checkpoint,verified,curation_workbook
vision,effnetb1_cutmixpatch_SAM_robust32_avge6e8e9e10_manylayers_324x288,/legal/license,probable,curation_workbook
vision,effnetb1_cutmixpatch_SAM_robust32_avge6e8e9e10_manylayers_324x288,/people/creators,verified,curation_workbook
vision,effnetb1_cutmixpatch_SAM_robust32_avge6e8e9e10_manylayers_324x288,/people/organizations,verified,curation_workbook
vision,effnetb1_cutmixpatch_SAM_robust32_avge6e8e9e10_manylayers_324x288,/lineage/base_models,verified,curation_workbook
vision,effnetb1_cutmixpatch_SAM_robust32_avge6e8e9e10_manylayers_324x288,/use/applications,probable,curation_workbook
vision,effnetb1_cutmixpatch_SAM_robust32_avge6e8e9e10_manylayers_324x288,/use/users,probable,curation_workbook
vision,effnetb1_cutmixpatch_SAM_robust32_avge6e8e9e10_manylayers_324x288,/use/limitations,probable,curation_workbook
vision,effnetb1_cutmixpatch_SAM_robust32_avge6e8e9e10_manylayers_324x288,/use/biases,probable,curation_workbook
vision,focalnet_tiny_lrf_in1k,/model/display_name,verified,curation_workbook
vision,focalnet_tiny_lrf_in1k,/model/version,verified,curation_workbook
vision,focalnet_tiny_lrf_in1k,/model/architecture,verified,curation_workbook
vision,focalnet_tiny_lrf_in1k,/model/parameter_count,verified,curation_workbook
vision,focalnet_tiny_lrf_in1k,/model/trainable_layers,verified,curation_workbook
vision,focalnet_tiny_lrf_in1k,/model/input_resolution,verified,curation_workbook
vision,focalnet_tiny_lrf_in1k,/model/recurrent,verified,curation_workbook
vision,focalnet_tiny_lrf_in1k,/model/visual_degrees,undocumented,curation_workbook
vision,focalnet_tiny_lrf_in1k,/model/supervision,verified,curation_workbook
vision,focalnet_tiny_lrf_in1k,/training/process,verified,curation_workbook
vision,focalnet_tiny_lrf_in1k,/training/objective,verified,curation_workbook
vision,focalnet_tiny_lrf_in1k,/training/loss,verified,curation_workbook
vision,focalnet_tiny_lrf_in1k,/training/learning_rate,undocumented,curation_workbook
vision,focalnet_tiny_lrf_in1k,/training/batch_size,undocumented,curation_workbook
vision,focalnet_tiny_lrf_in1k,/training/preprocessing,verified,curation_workbook
vision,focalnet_tiny_lrf_in1k,/data/training_datasets,verified,curation_workbook
vision,focalnet_tiny_lrf_in1k,/data/dataset_size,verified,curation_workbook
vision,focalnet_tiny_lrf_in1k,/eval/test_datasets,verified,curation_workbook
vision,focalnet_tiny_lrf_in1k,/eval/validation_datasets,probable,curation_workbook
vision,focalnet_tiny_lrf_in1k,/io/interface,verified,curation_workbook
vision,focalnet_tiny_lrf_in1k,/io/tokenizer,verified,curation_workbook
vision,focalnet_tiny_lrf_in1k,/provenance/weights_provider,verified,curation_workbook
vision,focalnet_tiny_lrf_in1k,/provenance/checkpoint,verified,curation_workbook
vision,focalnet_tiny_lrf_in1k,/legal/license,verified,curation_workbook
vision,focalnet_tiny_lrf_in1k,/people/creators,verified,curation_workbook
vision,focalnet_tiny_lrf_in1k,/people/organizations,verified,curation_workbook
vision,focalnet_tiny_lrf_in1k,/lineage/base_models,verified,curation_workbook
vision,focalnet_tiny_lrf_in1k,/use/applications,probable,curation_workbook
vision,focalnet_tiny_lrf_in1k,/use/users,probable,curation_workbook
vision,focalnet_tiny_lrf_in1k,/use/limitations,probable,curation_workbook
vision,focalnet_tiny_lrf_in1k,/use/biases,probable,curation_workbook
vision,grcnn,/model/display_name,verified,curation_workbook
vision,grcnn,/model/version,verified,curation_workbook
vision,grcnn,/model/architecture,probable,curation_workbook
vision,grcnn,/model/parameter_count,undocumented,curation_workbook
vision,grcnn,/model/trainable_layers,probable,curation_workbook
vision,grcnn,/model/input_resolution,verified,curation_workbook
vision,grcnn,/model/recurrent,verified,curation_workbook
vision,grcnn,/model/visual_degrees,undocumented,curation_workbook
vision,grcnn,/model/supervision,uncertain,curation_workbook
vision,grcnn,/training/process,verified,curation_workbook
vision,grcnn,/training/objective,undocumented,curation_workbook
vision,grcnn,/training/loss,undocumented,curation_workbook
vision,grcnn,/training/learning_rate,undocumented,curation_workbook
vision,grcnn,/training/batch_size,undocumented,curation_workbook
vision,grcnn,/training/preprocessing,verified,curation_workbook
vision,grcnn,/data/training_datasets,undocumented,curation_workbook
vision,grcnn,/data/dataset_size,undocumented,curation_workbook
vision,grcnn,/eval/test_datasets,verified,curation_workbook
vision,grcnn,/eval/validation_datasets,undocumented,curation_workbook
vision,grcnn,/io/interface,verified,curation_workbook
vision,grcnn,/io/tokenizer,verified,curation_workbook
vision,grcnn,/provenance/weights_provider,uncertain,curation_workbook
vision,grcnn,/provenance/checkpoint,verified,curation_workbook
vision,grcnn,/legal/license,probable,curation_workbook
vision,grcnn,/people/creators,probable,curation_workbook
vision,grcnn,/people/organizations,undocumented,curation_workbook
vision,grcnn,/lineage/base_models,verified,curation_workbook
vision,grcnn,/use/applications,uncertain,curation_workbook
vision,grcnn,/use/users,uncertain,curation_workbook
vision,grcnn,/use/limitations,probable,curation_workbook
vision,grcnn,/use/biases,uncertain,curation_workbook
vision,hmax,/model/display_name,verified,curation_workbook
vision,hmax,/model/version,verified,curation_workbook
vision,hmax,/model/architecture,verified,curation_workbook
vision,hmax,/model/parameter_count,undocumented,curation_workbook
vision,hmax,/model/trainable_layers,verified,curation_workbook
vision,hmax,/model/input_resolution,probable,curation_workbook
vision,hmax,/model/recurrent,verified,curation_workbook
vision,hmax,/model/visual_degrees,undocumented,curation_workbook
vision,hmax,/model/supervision,undocumented,curation_workbook
vision,hmax,/training/process,verified,curation_workbook
vision,hmax,/training/objective,undocumented,curation_workbook
vision,hmax,/training/loss,undocumented,curation_workbook
vision,hmax,/training/learning_rate,undocumented,curation_workbook
vision,hmax,/training/batch_size,undocumented,curation_workbook
vision,hmax,/training/preprocessing,verified,curation_workbook
vision,hmax,/data/training_datasets,undocumented,curation_workbook
vision,hmax,/data/dataset_size,undocumented,curation_workbook
vision,hmax,/eval/test_datasets,verified,curation_workbook
vision,hmax,/eval/validation_datasets,undocumented,curation_workbook
vision,hmax,/io/interface,verified,curation_workbook
vision,hmax,/io/tokenizer,verified,curation_workbook
vision,hmax,/provenance/weights_provider,verified,curation_workbook
vision,hmax,/provenance/checkpoint,verified,curation_workbook
vision,hmax,/legal/license,probable,curation_workbook
vision,hmax,/people/creators,verified,curation_workbook
vision,hmax,/people/organizations,verified,curation_workbook
vision,hmax,/lineage/base_models,verified,curation_workbook
vision,hmax,/use/applications,verified,curation_workbook
vision,hmax,/use/users,verified,curation_workbook
vision,hmax,/use/limitations,verified,curation_workbook
vision,hmax,/use/biases,undocumented,curation_workbook
vision,mobilenet_v2_1_4_224,/model/display_name,verified,curation_workbook
vision,mobilenet_v2_1_4_224,/model/version,verified,curation_workbook
vision,mobilenet_v2_1_4_224,/model/architecture,verified,curation_workbook
vision,mobilenet_v2_1_4_224,/model/parameter_count,probable,curation_workbook
vision,mobilenet_v2_1_4_224,/model/trainable_layers,verified,curation_workbook
vision,mobilenet_v2_1_4_224,/model/input_resolution,verified,curation_workbook
vision,mobilenet_v2_1_4_224,/model/recurrent,verified,curation_workbook
vision,mobilenet_v2_1_4_224,/model/visual_degrees,undocumented,curation_workbook
vision,mobilenet_v2_1_4_224,/model/supervision,verified,curation_workbook
vision,mobilenet_v2_1_4_224,/training/process,verified,curation_workbook
vision,mobilenet_v2_1_4_224,/training/objective,verified,curation_workbook
vision,mobilenet_v2_1_4_224,/training/loss,verified,curation_workbook
vision,mobilenet_v2_1_4_224,/training/learning_rate,undocumented,curation_workbook
vision,mobilenet_v2_1_4_224,/training/batch_size,probable,curation_workbook
vision,mobilenet_v2_1_4_224,/training/preprocessing,verified,curation_workbook
vision,mobilenet_v2_1_4_224,/data/training_datasets,verified,curation_workbook
vision,mobilenet_v2_1_4_224,/data/dataset_size,verified,curation_workbook
vision,mobilenet_v2_1_4_224,/eval/test_datasets,verified,curation_workbook
vision,mobilenet_v2_1_4_224,/eval/validation_datasets,probable,curation_workbook
vision,mobilenet_v2_1_4_224,/io/interface,verified,curation_workbook
vision,mobilenet_v2_1_4_224,/io/tokenizer,verified,curation_workbook
vision,mobilenet_v2_1_4_224,/provenance/weights_provider,verified,curation_workbook
vision,mobilenet_v2_1_4_224,/provenance/checkpoint,verified,curation_workbook
vision,mobilenet_v2_1_4_224,/legal/license,probable,curation_workbook
vision,mobilenet_v2_1_4_224,/people/creators,verified,curation_workbook
vision,mobilenet_v2_1_4_224,/people/organizations,verified,curation_workbook
vision,mobilenet_v2_1_4_224,/lineage/base_models,verified,curation_workbook
vision,mobilenet_v2_1_4_224,/use/applications,probable,curation_workbook
vision,mobilenet_v2_1_4_224,/use/users,probable,curation_workbook
vision,mobilenet_v2_1_4_224,/use/limitations,probable,curation_workbook
vision,mobilenet_v2_1_4_224,/use/biases,probable,curation_workbook
vision,pixels,/model/display_name,verified,curation_workbook
vision,pixels,/model/version,undocumented,curation_workbook
vision,pixels,/model/architecture,undocumented,curation_workbook
vision,pixels,/model/parameter_count,verified,curation_workbook
vision,pixels,/model/trainable_layers,verified,curation_workbook
vision,pixels,/model/input_resolution,verified,curation_workbook
vision,pixels,/model/recurrent,verified,curation_workbook
vision,pixels,/model/visual_degrees,undocumented,curation_workbook
vision,pixels,/model/supervision,undocumented,curation_workbook
vision,pixels,/training/process,undocumented,curation_workbook
vision,pixels,/training/objective,undocumented,curation_workbook
vision,pixels,/training/loss,undocumented,curation_workbook
vision,pixels,/training/learning_rate,undocumented,curation_workbook
vision,pixels,/training/batch_size,undocumented,curation_workbook
vision,pixels,/training/preprocessing,verified,curation_workbook
vision,pixels,/data/training_datasets,undocumented,curation_workbook
vision,pixels,/data/dataset_size,undocumented,curation_workbook
vision,pixels,/eval/test_datasets,verified,curation_workbook
vision,pixels,/eval/validation_datasets,undocumented,curation_workbook
vision,pixels,/io/interface,verified,curation_workbook
vision,pixels,/io/tokenizer,verified,curation_workbook
vision,pixels,/provenance/weights_provider,undocumented,curation_workbook
vision,pixels,/provenance/checkpoint,undocumented,curation_workbook
vision,pixels,/legal/license,verified,curation_workbook
vision,pixels,/people/creators,verified,curation_workbook
vision,pixels,/people/organizations,verified,curation_workbook
vision,pixels,/lineage/base_models,undocumented,curation_workbook
vision,pixels,/use/applications,verified,curation_workbook
vision,pixels,/use/users,verified,curation_workbook
vision,pixels,/use/limitations,verified,curation_workbook
vision,pixels,/use/biases,undocumented,curation_workbook
vision,pnasnet_large_halfPrecision,/model/display_name,verified,curation_workbook
vision,pnasnet_large_halfPrecision,/model/version,verified,curation_workbook
vision,pnasnet_large_halfPrecision,/model/architecture,verified,curation_workbook
vision,pnasnet_large_halfPrecision,/model/parameter_count,probable,curation_workbook
vision,pnasnet_large_halfPrecision,/model/trainable_layers,verified,curation_workbook
vision,pnasnet_large_halfPrecision,/model/input_resolution,verified,curation_workbook
vision,pnasnet_large_halfPrecision,/model/recurrent,verified,curation_workbook
vision,pnasnet_large_halfPrecision,/model/visual_degrees,undocumented,curation_workbook
vision,pnasnet_large_halfPrecision,/model/supervision,verified,curation_workbook
vision,pnasnet_large_halfPrecision,/training/process,verified,curation_workbook
vision,pnasnet_large_halfPrecision,/training/objective,verified,curation_workbook
vision,pnasnet_large_halfPrecision,/training/loss,verified,curation_workbook
vision,pnasnet_large_halfPrecision,/training/learning_rate,undocumented,curation_workbook
vision,pnasnet_large_halfPrecision,/training/batch_size,probable,curation_workbook
vision,pnasnet_large_halfPrecision,/training/preprocessing,verified,curation_workbook
vision,pnasnet_large_halfPrecision,/data/training_datasets,verified,curation_workbook
vision,pnasnet_large_halfPrecision,/data/dataset_size,verified,curation_workbook
vision,pnasnet_large_halfPrecision,/eval/test_datasets,verified,curation_workbook
vision,pnasnet_large_halfPrecision,/eval/validation_datasets,probable,curation_workbook
vision,pnasnet_large_halfPrecision,/io/interface,verified,curation_workbook
vision,pnasnet_large_halfPrecision,/io/tokenizer,verified,curation_workbook
vision,pnasnet_large_halfPrecision,/provenance/weights_provider,verified,curation_workbook
vision,pnasnet_large_halfPrecision,/provenance/checkpoint,verified,curation_workbook
vision,pnasnet_large_halfPrecision,/legal/license,probable,curation_workbook
vision,pnasnet_large_halfPrecision,/people/creators,verified,curation_workbook
vision,pnasnet_large_halfPrecision,/people/organizations,verified,curation_workbook
vision,pnasnet_large_halfPrecision,/lineage/base_models,verified,curation_workbook
vision,pnasnet_large_halfPrecision,/use/applications,probable,curation_workbook
vision,pnasnet_large_halfPrecision,/use/users,probable,curation_workbook
vision,pnasnet_large_halfPrecision,/use/limitations,probable,curation_workbook
vision,pnasnet_large_halfPrecision,/use/biases,probable,curation_workbook
vision,ReAlnet01_cornet,/model/display_name,verified,curation_workbook
vision,ReAlnet01_cornet,/model/version,verified,curation_workbook
vision,ReAlnet01_cornet,/model/architecture,verified,curation_workbook
vision,ReAlnet01_cornet,/model/parameter_count,verified,curation_workbook
vision,ReAlnet01_cornet,/model/trainable_layers,verified,curation_workbook
vision,ReAlnet01_cornet,/model/input_resolution,verified,curation_workbook
vision,ReAlnet01_cornet,/model/recurrent,verified,curation_workbook
vision,ReAlnet01_cornet,/model/visual_degrees,verified,curation_workbook
vision,ReAlnet01_cornet,/model/supervision,verified,curation_workbook
vision,ReAlnet01_cornet,/training/process,verified,curation_workbook
vision,ReAlnet01_cornet,/training/objective,verified,curation_workbook
vision,ReAlnet01_cornet,/training/loss,verified,curation_workbook
vision,ReAlnet01_cornet,/training/learning_rate,undocumented,curation_workbook
vision,ReAlnet01_cornet,/training/batch_size,undocumented,curation_workbook
vision,ReAlnet01_cornet,/training/preprocessing,undocumented,curation_workbook
vision,ReAlnet01_cornet,/data/training_datasets,verified,curation_workbook
vision,ReAlnet01_cornet,/data/dataset_size,verified,curation_workbook
vision,ReAlnet01_cornet,/eval/test_datasets,verified,curation_workbook
vision,ReAlnet01_cornet,/eval/validation_datasets,probable,curation_workbook
vision,ReAlnet01_cornet,/io/interface,verified,curation_workbook
vision,ReAlnet01_cornet,/io/tokenizer,verified,curation_workbook
vision,ReAlnet01_cornet,/provenance/weights_provider,verified,curation_workbook
vision,ReAlnet01_cornet,/provenance/checkpoint,undocumented,curation_workbook
vision,ReAlnet01_cornet,/legal/license,probable,curation_workbook
vision,ReAlnet01_cornet,/people/creators,verified,curation_workbook
vision,ReAlnet01_cornet,/people/organizations,verified,curation_workbook
vision,ReAlnet01_cornet,/lineage/base_models,verified,curation_workbook
vision,ReAlnet01_cornet,/use/applications,verified,curation_workbook
vision,ReAlnet01_cornet,/use/users,verified,curation_workbook
vision,ReAlnet01_cornet,/use/limitations,probable,curation_workbook
vision,ReAlnet01_cornet,/use/biases,probable,curation_workbook
vision,ReAlnet01_cornet_fov4,/model/display_name,verified,curation_workbook
vision,ReAlnet01_cornet_fov4,/model/version,verified,curation_workbook
vision,ReAlnet01_cornet_fov4,/model/architecture,verified,curation_workbook
vision,ReAlnet01_cornet_fov4,/model/parameter_count,verified,curation_workbook
vision,ReAlnet01_cornet_fov4,/model/trainable_layers,verified,curation_workbook
vision,ReAlnet01_cornet_fov4,/model/input_resolution,verified,curation_workbook
vision,ReAlnet01_cornet_fov4,/model/recurrent,verified,curation_workbook
vision,ReAlnet01_cornet_fov4,/model/visual_degrees,verified,curation_workbook
vision,ReAlnet01_cornet_fov4,/model/supervision,verified,curation_workbook
vision,ReAlnet01_cornet_fov4,/training/process,verified,curation_workbook
vision,ReAlnet01_cornet_fov4,/training/objective,verified,curation_workbook
vision,ReAlnet01_cornet_fov4,/training/loss,verified,curation_workbook
vision,ReAlnet01_cornet_fov4,/training/learning_rate,uncertain,curation_workbook
vision,ReAlnet01_cornet_fov4,/training/batch_size,uncertain,curation_workbook
vision,ReAlnet01_cornet_fov4,/training/preprocessing,uncertain,curation_workbook
vision,ReAlnet01_cornet_fov4,/data/training_datasets,verified,curation_workbook
vision,ReAlnet01_cornet_fov4,/data/dataset_size,verified,curation_workbook
vision,ReAlnet01_cornet_fov4,/eval/test_datasets,verified,curation_workbook
vision,ReAlnet01_cornet_fov4,/eval/validation_datasets,probable,curation_workbook
vision,ReAlnet01_cornet_fov4,/io/interface,verified,curation_workbook
vision,ReAlnet01_cornet_fov4,/io/tokenizer,verified,curation_workbook
vision,ReAlnet01_cornet_fov4,/provenance/weights_provider,verified,curation_workbook
vision,ReAlnet01_cornet_fov4,/provenance/checkpoint,verified,curation_workbook
vision,ReAlnet01_cornet_fov4,/legal/license,probable,curation_workbook
vision,ReAlnet01_cornet_fov4,/people/creators,verified,curation_workbook
vision,ReAlnet01_cornet_fov4,/people/organizations,verified,curation_workbook
vision,ReAlnet01_cornet_fov4,/lineage/base_models,verified,curation_workbook
vision,ReAlnet01_cornet_fov4,/use/applications,verified,curation_workbook
vision,ReAlnet01_cornet_fov4,/use/users,verified,curation_workbook
vision,ReAlnet01_cornet_fov4,/use/limitations,probable,curation_workbook
vision,ReAlnet01_cornet_fov4,/use/biases,probable,curation_workbook
vision,ReAlnet03_cornet,/model/display_name,verified,curation_workbook
vision,ReAlnet03_cornet,/model/version,verified,curation_workbook
vision,ReAlnet03_cornet,/model/architecture,verified,curation_workbook
vision,ReAlnet03_cornet,/model/parameter_count,verified,curation_workbook
vision,ReAlnet03_cornet,/model/trainable_layers,verified,curation_workbook
vision,ReAlnet03_cornet,/model/input_resolution,undocumented,curation_workbook
vision,ReAlnet03_cornet,/model/recurrent,verified,curation_workbook
vision,ReAlnet03_cornet,/model/visual_degrees,undocumented,curation_workbook
vision,ReAlnet03_cornet,/model/supervision,verified,curation_workbook
vision,ReAlnet03_cornet,/training/process,verified,curation_workbook
vision,ReAlnet03_cornet,/training/objective,verified,curation_workbook
vision,ReAlnet03_cornet,/training/loss,verified,curation_workbook
vision,ReAlnet03_cornet,/training/learning_rate,undocumented,curation_workbook
vision,ReAlnet03_cornet,/training/batch_size,undocumented,curation_workbook
vision,ReAlnet03_cornet,/training/preprocessing,undocumented,curation_workbook
vision,ReAlnet03_cornet,/data/training_datasets,verified,curation_workbook
vision,ReAlnet03_cornet,/data/dataset_size,verified,curation_workbook
vision,ReAlnet03_cornet,/eval/test_datasets,verified,curation_workbook
vision,ReAlnet03_cornet,/eval/validation_datasets,probable,curation_workbook
vision,ReAlnet03_cornet,/io/interface,verified,curation_workbook
vision,ReAlnet03_cornet,/io/tokenizer,verified,curation_workbook
vision,ReAlnet03_cornet,/provenance/weights_provider,verified,curation_workbook
vision,ReAlnet03_cornet,/provenance/checkpoint,undocumented,curation_workbook
vision,ReAlnet03_cornet,/legal/license,probable,curation_workbook
vision,ReAlnet03_cornet,/people/creators,verified,curation_workbook
vision,ReAlnet03_cornet,/people/organizations,verified,curation_workbook
vision,ReAlnet03_cornet,/lineage/base_models,verified,curation_workbook
vision,ReAlnet03_cornet,/use/applications,verified,curation_workbook
vision,ReAlnet03_cornet,/use/users,verified,curation_workbook
vision,ReAlnet03_cornet,/use/limitations,probable,curation_workbook
vision,ReAlnet03_cornet,/use/biases,probable,curation_workbook
vision,ReAlnet04_cornet,/model/display_name,verified,curation_workbook
vision,ReAlnet04_cornet,/model/version,verified,curation_workbook
vision,ReAlnet04_cornet,/model/architecture,verified,curation_workbook
vision,ReAlnet04_cornet,/model/parameter_count,verified,curation_workbook
vision,ReAlnet04_cornet,/model/trainable_layers,verified,curation_workbook
vision,ReAlnet04_cornet,/model/input_resolution,undocumented,curation_workbook
vision,ReAlnet04_cornet,/model/recurrent,verified,curation_workbook
vision,ReAlnet04_cornet,/model/visual_degrees,undocumented,curation_workbook
vision,ReAlnet04_cornet,/model/supervision,verified,curation_workbook
vision,ReAlnet04_cornet,/training/process,verified,curation_workbook
vision,ReAlnet04_cornet,/training/objective,verified,curation_workbook
vision,ReAlnet04_cornet,/training/loss,verified,curation_workbook
vision,ReAlnet04_cornet,/training/learning_rate,undocumented,curation_workbook
vision,ReAlnet04_cornet,/training/batch_size,undocumented,curation_workbook
vision,ReAlnet04_cornet,/training/preprocessing,undocumented,curation_workbook
vision,ReAlnet04_cornet,/data/training_datasets,verified,curation_workbook
vision,ReAlnet04_cornet,/data/dataset_size,verified,curation_workbook
vision,ReAlnet04_cornet,/eval/test_datasets,verified,curation_workbook
vision,ReAlnet04_cornet,/eval/validation_datasets,probable,curation_workbook
vision,ReAlnet04_cornet,/io/interface,verified,curation_workbook
vision,ReAlnet04_cornet,/io/tokenizer,verified,curation_workbook
vision,ReAlnet04_cornet,/provenance/weights_provider,verified,curation_workbook
vision,ReAlnet04_cornet,/provenance/checkpoint,undocumented,curation_workbook
vision,ReAlnet04_cornet,/legal/license,probable,curation_workbook
vision,ReAlnet04_cornet,/people/creators,verified,curation_workbook
vision,ReAlnet04_cornet,/people/organizations,verified,curation_workbook
vision,ReAlnet04_cornet,/lineage/base_models,verified,curation_workbook
vision,ReAlnet04_cornet,/use/applications,verified,curation_workbook
vision,ReAlnet04_cornet,/use/users,verified,curation_workbook
vision,ReAlnet04_cornet,/use/limitations,probable,curation_workbook
vision,ReAlnet04_cornet,/use/biases,probable,curation_workbook
vision,Res2Net50_26w_4s,/model/display_name,verified,curation_workbook
vision,Res2Net50_26w_4s,/model/version,probable,curation_workbook
vision,Res2Net50_26w_4s,/model/architecture,verified,curation_workbook
vision,Res2Net50_26w_4s,/model/parameter_count,probable,curation_workbook
vision,Res2Net50_26w_4s,/model/trainable_layers,undocumented,curation_workbook
vision,Res2Net50_26w_4s,/model/input_resolution,verified,curation_workbook
vision,Res2Net50_26w_4s,/model/recurrent,verified,curation_workbook
vision,Res2Net50_26w_4s,/model/visual_degrees,undocumented,curation_workbook
vision,Res2Net50_26w_4s,/model/supervision,uncertain,curation_workbook
vision,Res2Net50_26w_4s,/training/process,probable,curation_workbook
vision,Res2Net50_26w_4s,/training/objective,undocumented,curation_workbook
vision,Res2Net50_26w_4s,/training/loss,undocumented,curation_workbook
vision,Res2Net50_26w_4s,/training/learning_rate,undocumented,curation_workbook
vision,Res2Net50_26w_4s,/training/batch_size,undocumented,curation_workbook
vision,Res2Net50_26w_4s,/training/preprocessing,verified,curation_workbook
vision,Res2Net50_26w_4s,/data/training_datasets,uncertain,curation_workbook
vision,Res2Net50_26w_4s,/data/dataset_size,undocumented,curation_workbook
vision,Res2Net50_26w_4s,/eval/test_datasets,verified,curation_workbook
vision,Res2Net50_26w_4s,/eval/validation_datasets,undocumented,curation_workbook
vision,Res2Net50_26w_4s,/io/interface,verified,curation_workbook
vision,Res2Net50_26w_4s,/io/tokenizer,verified,curation_workbook
vision,Res2Net50_26w_4s,/provenance/weights_provider,uncertain,curation_workbook
vision,Res2Net50_26w_4s,/provenance/checkpoint,undocumented,curation_workbook
vision,Res2Net50_26w_4s,/legal/license,probable,curation_workbook
vision,Res2Net50_26w_4s,/people/creators,verified,curation_workbook
vision,Res2Net50_26w_4s,/people/organizations,verified,curation_workbook
vision,Res2Net50_26w_4s,/lineage/base_models,verified,curation_workbook
vision,Res2Net50_26w_4s,/use/applications,probable,curation_workbook
vision,Res2Net50_26w_4s,/use/users,probable,curation_workbook
vision,Res2Net50_26w_4s,/use/limitations,undocumented,curation_workbook
vision,Res2Net50_26w_4s,/use/biases,uncertain,curation_workbook
vision,resnet-50-robust,/model/display_name,verified,curation_workbook
vision,resnet-50-robust,/model/version,probable,curation_workbook
vision,resnet-50-robust,/model/architecture,probable,curation_workbook
vision,resnet-50-robust,/model/parameter_count,verified,curation_workbook
vision,resnet-50-robust,/model/trainable_layers,verified,curation_workbook
vision,resnet-50-robust,/model/input_resolution,verified,curation_workbook
vision,resnet-50-robust,/model/recurrent,verified,curation_workbook
vision,resnet-50-robust,/model/visual_degrees,undocumented,curation_workbook
vision,resnet-50-robust,/model/supervision,verified,curation_workbook
vision,resnet-50-robust,/training/process,probable,curation_workbook
vision,resnet-50-robust,/training/objective,probable,curation_workbook
vision,resnet-50-robust,/training/loss,probable,curation_workbook
vision,resnet-50-robust,/training/learning_rate,undocumented,curation_workbook
vision,resnet-50-robust,/training/batch_size,undocumented,curation_workbook
vision,resnet-50-robust,/training/preprocessing,probable,curation_workbook
vision,resnet-50-robust,/data/training_datasets,probable,curation_workbook
vision,resnet-50-robust,/data/dataset_size,probable,curation_workbook
vision,resnet-50-robust,/eval/test_datasets,verified,curation_workbook
vision,resnet-50-robust,/eval/validation_datasets,probable,curation_workbook
vision,resnet-50-robust,/io/interface,verified,curation_workbook
vision,resnet-50-robust,/io/tokenizer,verified,curation_workbook
vision,resnet-50-robust,/provenance/weights_provider,probable,curation_workbook
vision,resnet-50-robust,/provenance/checkpoint,verified,curation_workbook
vision,resnet-50-robust,/legal/license,probable,curation_workbook
vision,resnet-50-robust,/people/creators,probable,curation_workbook
vision,resnet-50-robust,/people/organizations,probable,curation_workbook
vision,resnet-50-robust,/lineage/base_models,verified,curation_workbook
vision,resnet-50-robust,/use/applications,probable,curation_workbook
vision,resnet-50-robust,/use/users,probable,curation_workbook
vision,resnet-50-robust,/use/limitations,probable,curation_workbook
vision,resnet-50-robust,/use/biases,probable,curation_workbook
vision,resnet152_imagenet_full,/model/display_name,verified,curation_workbook
vision,resnet152_imagenet_full,/model/version,probable,curation_workbook
vision,resnet152_imagenet_full,/model/architecture,probable,curation_workbook
vision,resnet152_imagenet_full,/model/parameter_count,verified,curation_workbook
vision,resnet152_imagenet_full,/model/trainable_layers,probable,curation_workbook
vision,resnet152_imagenet_full,/model/input_resolution,undocumented,curation_workbook
vision,resnet152_imagenet_full,/model/recurrent,verified,curation_workbook
vision,resnet152_imagenet_full,/model/visual_degrees,undocumented,curation_workbook
vision,resnet152_imagenet_full,/model/supervision,probable,curation_workbook
vision,resnet152_imagenet_full,/training/process,probable,curation_workbook
vision,resnet152_imagenet_full,/training/objective,probable,curation_workbook
vision,resnet152_imagenet_full,/training/loss,probable,curation_workbook
vision,resnet152_imagenet_full,/training/learning_rate,undocumented,curation_workbook
vision,resnet152_imagenet_full,/training/batch_size,undocumented,curation_workbook
vision,resnet152_imagenet_full,/training/preprocessing,undocumented,curation_workbook
vision,resnet152_imagenet_full,/data/training_datasets,probable,curation_workbook
vision,resnet152_imagenet_full,/data/dataset_size,probable,curation_workbook
vision,resnet152_imagenet_full,/eval/test_datasets,verified,curation_workbook
vision,resnet152_imagenet_full,/eval/validation_datasets,probable,curation_workbook
vision,resnet152_imagenet_full,/io/interface,undocumented,curation_workbook
vision,resnet152_imagenet_full,/io/tokenizer,verified,curation_workbook
vision,resnet152_imagenet_full,/provenance/weights_provider,uncertain,curation_workbook
vision,resnet152_imagenet_full,/provenance/checkpoint,undocumented,curation_workbook
vision,resnet152_imagenet_full,/legal/license,uncertain,curation_workbook
vision,resnet152_imagenet_full,/people/creators,undocumented,curation_workbook
vision,resnet152_imagenet_full,/people/organizations,probable,curation_workbook
vision,resnet152_imagenet_full,/lineage/base_models,verified,curation_workbook
vision,resnet152_imagenet_full,/use/applications,probable,curation_workbook
vision,resnet152_imagenet_full,/use/users,probable,curation_workbook
vision,resnet152_imagenet_full,/use/limitations,probable,curation_workbook
vision,resnet152_imagenet_full,/use/biases,probable,curation_workbook
vision,resnet50-moclr8deg,/model/display_name,verified,curation_workbook
vision,resnet50-moclr8deg,/model/version,verified,curation_workbook
vision,resnet50-moclr8deg,/model/architecture,probable,curation_workbook
vision,resnet50-moclr8deg,/model/parameter_count,verified,curation_workbook
vision,resnet50-moclr8deg,/model/trainable_layers,verified,curation_workbook
vision,resnet50-moclr8deg,/model/input_resolution,verified,curation_workbook
vision,resnet50-moclr8deg,/model/recurrent,verified,curation_workbook
vision,resnet50-moclr8deg,/model/visual_degrees,undocumented,curation_workbook
vision,resnet50-moclr8deg,/model/supervision,probable,curation_workbook
vision,resnet50-moclr8deg,/training/process,verified,curation_workbook
vision,resnet50-moclr8deg,/training/objective,probable,curation_workbook
vision,resnet50-moclr8deg,/training/loss,probable,curation_workbook
vision,resnet50-moclr8deg,/training/learning_rate,undocumented,curation_workbook
vision,resnet50-moclr8deg,/training/batch_size,undocumented,curation_workbook
vision,resnet50-moclr8deg,/training/preprocessing,verified,curation_workbook
vision,resnet50-moclr8deg,/data/training_datasets,uncertain,curation_workbook
vision,resnet50-moclr8deg,/data/dataset_size,undocumented,curation_workbook
vision,resnet50-moclr8deg,/eval/test_datasets,verified,curation_workbook
vision,resnet50-moclr8deg,/eval/validation_datasets,undocumented,curation_workbook
vision,resnet50-moclr8deg,/io/interface,verified,curation_workbook
vision,resnet50-moclr8deg,/io/tokenizer,verified,curation_workbook
vision,resnet50-moclr8deg,/provenance/weights_provider,probable,curation_workbook
vision,resnet50-moclr8deg,/provenance/checkpoint,verified,curation_workbook
vision,resnet50-moclr8deg,/legal/license,probable,curation_workbook
vision,resnet50-moclr8deg,/people/creators,probable,curation_workbook
vision,resnet50-moclr8deg,/people/organizations,probable,curation_workbook
vision,resnet50-moclr8deg,/lineage/base_models,verified,curation_workbook
vision,resnet50-moclr8deg,/use/applications,probable,curation_workbook
vision,resnet50-moclr8deg,/use/users,probable,curation_workbook
vision,resnet50-moclr8deg,/use/limitations,probable,curation_workbook
vision,resnet50-moclr8deg,/use/biases,probable,curation_workbook
vision,resnet50-SIN,/model/display_name,verified,curation_workbook
vision,resnet50-SIN,/model/version,verified,curation_workbook
vision,resnet50-SIN,/model/architecture,verified,curation_workbook
vision,resnet50-SIN,/model/parameter_count,verified,curation_workbook
vision,resnet50-SIN,/model/trainable_layers,verified,curation_workbook
vision,resnet50-SIN,/model/input_resolution,verified,curation_workbook
vision,resnet50-SIN,/model/recurrent,verified,curation_workbook
vision,resnet50-SIN,/model/visual_degrees,probable,curation_workbook
vision,resnet50-SIN,/model/supervision,verified,curation_workbook
vision,resnet50-SIN,/training/process,verified,curation_workbook
vision,resnet50-SIN,/training/objective,verified,curation_workbook
vision,resnet50-SIN,/training/loss,verified,curation_workbook
vision,resnet50-SIN,/training/learning_rate,verified,curation_workbook
vision,resnet50-SIN,/training/batch_size,verified,curation_workbook
vision,resnet50-SIN,/training/preprocessing,probable,curation_workbook
vision,resnet50-SIN,/data/training_datasets,verified,curation_workbook
vision,resnet50-SIN,/data/dataset_size,verified,curation_workbook
vision,resnet50-SIN,/eval/test_datasets,verified,curation_workbook
vision,resnet50-SIN,/eval/validation_datasets,probable,curation_workbook
vision,resnet50-SIN,/io/interface,verified,curation_workbook
vision,resnet50-SIN,/io/tokenizer,verified,curation_workbook
vision,resnet50-SIN,/provenance/weights_provider,verified,curation_workbook
vision,resnet50-SIN,/provenance/checkpoint,verified,curation_workbook
vision,resnet50-SIN,/legal/license,undocumented,curation_workbook
vision,resnet50-SIN,/people/creators,verified,curation_workbook
vision,resnet50-SIN,/people/organizations,verified,curation_workbook
vision,resnet50-SIN,/lineage/base_models,verified,curation_workbook
vision,resnet50-SIN,/use/applications,probable,curation_workbook
vision,resnet50-SIN,/use/users,probable,curation_workbook
vision,resnet50-SIN,/use/limitations,verified,curation_workbook
vision,resnet50-SIN,/use/biases,verified,curation_workbook
vision,resnet50-SIN_IN,/model/display_name,verified,curation_workbook
vision,resnet50-SIN_IN,/model/version,verified,curation_workbook
vision,resnet50-SIN_IN,/model/architecture,verified,curation_workbook
vision,resnet50-SIN_IN,/model/parameter_count,verified,curation_workbook
vision,resnet50-SIN_IN,/model/trainable_layers,verified,curation_workbook
vision,resnet50-SIN_IN,/model/input_resolution,verified,curation_workbook
vision,resnet50-SIN_IN,/model/recurrent,verified,curation_workbook
vision,resnet50-SIN_IN,/model/visual_degrees,probable,curation_workbook
vision,resnet50-SIN_IN,/model/supervision,verified,curation_workbook
vision,resnet50-SIN_IN,/training/process,verified,curation_workbook
vision,resnet50-SIN_IN,/training/objective,verified,curation_workbook
vision,resnet50-SIN_IN,/training/loss,verified,curation_workbook
vision,resnet50-SIN_IN,/training/learning_rate,undocumented,curation_workbook
vision,resnet50-SIN_IN,/training/batch_size,probable,curation_workbook
vision,resnet50-SIN_IN,/training/preprocessing,probable,curation_workbook
vision,resnet50-SIN_IN,/data/training_datasets,verified,curation_workbook
vision,resnet50-SIN_IN,/data/dataset_size,verified,curation_workbook
vision,resnet50-SIN_IN,/eval/test_datasets,verified,curation_workbook
vision,resnet50-SIN_IN,/eval/validation_datasets,probable,curation_workbook
vision,resnet50-SIN_IN,/io/interface,verified,curation_workbook
vision,resnet50-SIN_IN,/io/tokenizer,verified,curation_workbook
vision,resnet50-SIN_IN,/provenance/weights_provider,verified,curation_workbook
vision,resnet50-SIN_IN,/provenance/checkpoint,verified,curation_workbook
vision,resnet50-SIN_IN,/legal/license,undocumented,curation_workbook
vision,resnet50-SIN_IN,/people/creators,verified,curation_workbook
vision,resnet50-SIN_IN,/people/organizations,verified,curation_workbook
vision,resnet50-SIN_IN,/lineage/base_models,verified,curation_workbook
vision,resnet50-SIN_IN,/use/applications,probable,curation_workbook
vision,resnet50-SIN_IN,/use/users,probable,curation_workbook
vision,resnet50-SIN_IN,/use/limitations,probable,curation_workbook
vision,resnet50-SIN_IN,/use/biases,probable,curation_workbook
vision,resnet50-SIN_IN_IN,/model/display_name,verified,curation_workbook
vision,resnet50-SIN_IN_IN,/model/version,probable,curation_workbook
vision,resnet50-SIN_IN_IN,/model/architecture,verified,curation_workbook
vision,resnet50-SIN_IN_IN,/model/parameter_count,verified,curation_workbook
vision,resnet50-SIN_IN_IN,/model/trainable_layers,probable,curation_workbook
vision,resnet50-SIN_IN_IN,/model/input_resolution,verified,curation_workbook
vision,resnet50-SIN_IN_IN,/model/recurrent,verified,curation_workbook
vision,resnet50-SIN_IN_IN,/model/visual_degrees,probable,curation_workbook
vision,resnet50-SIN_IN_IN,/model/supervision,verified,curation_workbook
vision,resnet50-SIN_IN_IN,/training/process,probable,curation_workbook
vision,resnet50-SIN_IN_IN,/training/objective,verified,curation_workbook
vision,resnet50-SIN_IN_IN,/training/loss,verified,curation_workbook
vision,resnet50-SIN_IN_IN,/training/learning_rate,verified,curation_workbook
vision,resnet50-SIN_IN_IN,/training/batch_size,probable,curation_workbook
vision,resnet50-SIN_IN_IN,/training/preprocessing,probable,curation_workbook
vision,resnet50-SIN_IN_IN,/data/training_datasets,probable,curation_workbook
vision,resnet50-SIN_IN_IN,/data/dataset_size,probable,curation_workbook
vision,resnet50-SIN_IN_IN,/eval/test_datasets,verified,curation_workbook
vision,resnet50-SIN_IN_IN,/eval/validation_datasets,probable,curation_workbook
vision,resnet50-SIN_IN_IN,/io/interface,verified,curation_workbook
vision,resnet50-SIN_IN_IN,/io/tokenizer,verified,curation_workbook
vision,resnet50-SIN_IN_IN,/provenance/weights_provider,verified,curation_workbook
vision,resnet50-SIN_IN_IN,/provenance/checkpoint,probable,curation_workbook
vision,resnet50-SIN_IN_IN,/legal/license,undocumented,curation_workbook
vision,resnet50-SIN_IN_IN,/people/creators,verified,curation_workbook
vision,resnet50-SIN_IN_IN,/people/organizations,verified,curation_workbook
vision,resnet50-SIN_IN_IN,/lineage/base_models,verified,curation_workbook
vision,resnet50-SIN_IN_IN,/use/applications,probable,curation_workbook
vision,resnet50-SIN_IN_IN,/use/users,probable,curation_workbook
vision,resnet50-SIN_IN_IN,/use/limitations,verified,curation_workbook
vision,resnet50-SIN_IN_IN,/use/biases,verified,curation_workbook
vision,resnet50-sup,/model/display_name,verified,curation_workbook
vision,resnet50-sup,/model/version,verified,curation_workbook
vision,resnet50-sup,/model/architecture,verified,curation_workbook
vision,resnet50-sup,/model/parameter_count,verified,curation_workbook
vision,resnet50-sup,/model/trainable_layers,verified,curation_workbook
vision,resnet50-sup,/model/input_resolution,verified,curation_workbook
vision,resnet50-sup,/model/recurrent,verified,curation_workbook
vision,resnet50-sup,/model/visual_degrees,undocumented,curation_workbook
vision,resnet50-sup,/model/supervision,verified,curation_workbook
vision,resnet50-sup,/training/process,verified,curation_workbook
vision,resnet50-sup,/training/objective,verified,curation_workbook
vision,resnet50-sup,/training/loss,verified,curation_workbook
vision,resnet50-sup,/training/learning_rate,undocumented,curation_workbook
vision,resnet50-sup,/training/batch_size,undocumented,curation_workbook
vision,resnet50-sup,/training/preprocessing,verified,curation_workbook
vision,resnet50-sup,/data/training_datasets,verified,curation_workbook
vision,resnet50-sup,/data/dataset_size,uncertain,curation_workbook
vision,resnet50-sup,/eval/test_datasets,verified,curation_workbook
vision,resnet50-sup,/eval/validation_datasets,undocumented,curation_workbook
vision,resnet50-sup,/io/interface,verified,curation_workbook
vision,resnet50-sup,/io/tokenizer,verified,curation_workbook
vision,resnet50-sup,/provenance/weights_provider,verified,curation_workbook
vision,resnet50-sup,/provenance/checkpoint,verified,curation_workbook
vision,resnet50-sup,/legal/license,probable,curation_workbook
vision,resnet50-sup,/people/creators,verified,curation_workbook
vision,resnet50-sup,/people/organizations,verified,curation_workbook
vision,resnet50-sup,/lineage/base_models,verified,curation_workbook
vision,resnet50-sup,/use/applications,uncertain,curation_workbook
vision,resnet50-sup,/use/users,uncertain,curation_workbook
vision,resnet50-sup,/use/limitations,probable,curation_workbook
vision,resnet50-sup,/use/biases,verified,curation_workbook
vision,resnet50-VITO-8deg-cc,/model/display_name,verified,curation_workbook
vision,resnet50-VITO-8deg-cc,/model/version,verified,curation_workbook
vision,resnet50-VITO-8deg-cc,/model/architecture,verified,curation_workbook
vision,resnet50-VITO-8deg-cc,/model/parameter_count,verified,curation_workbook
vision,resnet50-VITO-8deg-cc,/model/trainable_layers,verified,curation_workbook
vision,resnet50-VITO-8deg-cc,/model/input_resolution,verified,curation_workbook
vision,resnet50-VITO-8deg-cc,/model/recurrent,verified,curation_workbook
vision,resnet50-VITO-8deg-cc,/model/visual_degrees,undocumented,curation_workbook
vision,resnet50-VITO-8deg-cc,/model/supervision,probable,curation_workbook
vision,resnet50-VITO-8deg-cc,/training/process,verified,curation_workbook
vision,resnet50-VITO-8deg-cc,/training/objective,undocumented,curation_workbook
vision,resnet50-VITO-8deg-cc,/training/loss,undocumented,curation_workbook
vision,resnet50-VITO-8deg-cc,/training/learning_rate,undocumented,curation_workbook
vision,resnet50-VITO-8deg-cc,/training/batch_size,undocumented,curation_workbook
vision,resnet50-VITO-8deg-cc,/training/preprocessing,verified,curation_workbook
vision,resnet50-VITO-8deg-cc,/data/training_datasets,probable,curation_workbook
vision,resnet50-VITO-8deg-cc,/data/dataset_size,undocumented,curation_workbook
vision,resnet50-VITO-8deg-cc,/eval/test_datasets,verified,curation_workbook
vision,resnet50-VITO-8deg-cc,/eval/validation_datasets,undocumented,curation_workbook
vision,resnet50-VITO-8deg-cc,/io/interface,verified,curation_workbook
vision,resnet50-VITO-8deg-cc,/io/tokenizer,verified,curation_workbook
vision,resnet50-VITO-8deg-cc,/provenance/weights_provider,verified,curation_workbook
vision,resnet50-VITO-8deg-cc,/provenance/checkpoint,verified,curation_workbook
vision,resnet50-VITO-8deg-cc,/legal/license,probable,curation_workbook
vision,resnet50-VITO-8deg-cc,/people/creators,probable,curation_workbook
vision,resnet50-VITO-8deg-cc,/people/organizations,probable,curation_workbook
vision,resnet50-VITO-8deg-cc,/lineage/base_models,verified,curation_workbook
vision,resnet50-VITO-8deg-cc,/use/applications,probable,curation_workbook
vision,resnet50-VITO-8deg-cc,/use/users,probable,curation_workbook
vision,resnet50-VITO-8deg-cc,/use/limitations,verified,curation_workbook
vision,resnet50-VITO-8deg-cc,/use/biases,probable,curation_workbook
vision,resnet50-vitoimagevidnet8,/model/display_name,verified,curation_workbook
vision,resnet50-vitoimagevidnet8,/model/version,verified,curation_workbook
vision,resnet50-vitoimagevidnet8,/model/architecture,verified,curation_workbook
vision,resnet50-vitoimagevidnet8,/model/parameter_count,verified,curation_workbook
vision,resnet50-vitoimagevidnet8,/model/trainable_layers,verified,curation_workbook
vision,resnet50-vitoimagevidnet8,/model/input_resolution,verified,curation_workbook
vision,resnet50-vitoimagevidnet8,/model/recurrent,verified,curation_workbook
vision,resnet50-vitoimagevidnet8,/model/visual_degrees,undocumented,curation_workbook
vision,resnet50-vitoimagevidnet8,/model/supervision,probable,curation_workbook
vision,resnet50-vitoimagevidnet8,/training/process,verified,curation_workbook
vision,resnet50-vitoimagevidnet8,/training/objective,undocumented,curation_workbook
vision,resnet50-vitoimagevidnet8,/training/loss,undocumented,curation_workbook
vision,resnet50-vitoimagevidnet8,/training/learning_rate,undocumented,curation_workbook
vision,resnet50-vitoimagevidnet8,/training/batch_size,undocumented,curation_workbook
vision,resnet50-vitoimagevidnet8,/training/preprocessing,verified,curation_workbook
vision,resnet50-vitoimagevidnet8,/data/training_datasets,probable,curation_workbook
vision,resnet50-vitoimagevidnet8,/data/dataset_size,undocumented,curation_workbook
vision,resnet50-vitoimagevidnet8,/eval/test_datasets,verified,curation_workbook
vision,resnet50-vitoimagevidnet8,/eval/validation_datasets,undocumented,curation_workbook
vision,resnet50-vitoimagevidnet8,/io/interface,verified,curation_workbook
vision,resnet50-vitoimagevidnet8,/io/tokenizer,verified,curation_workbook
vision,resnet50-vitoimagevidnet8,/provenance/weights_provider,verified,curation_workbook
vision,resnet50-vitoimagevidnet8,/provenance/checkpoint,verified,curation_workbook
vision,resnet50-vitoimagevidnet8,/legal/license,probable,curation_workbook
vision,resnet50-vitoimagevidnet8,/people/creators,probable,curation_workbook
vision,resnet50-vitoimagevidnet8,/people/organizations,probable,curation_workbook
vision,resnet50-vitoimagevidnet8,/lineage/base_models,verified,curation_workbook
vision,resnet50-vitoimagevidnet8,/use/applications,probable,curation_workbook
vision,resnet50-vitoimagevidnet8,/use/users,probable,curation_workbook
vision,resnet50-vitoimagevidnet8,/use/limitations,probable,curation_workbook
vision,resnet50-vitoimagevidnet8,/use/biases,probable,curation_workbook
vision,resnet50_ewconplus_wzc,/model/display_name,verified,curation_workbook
vision,resnet50_ewconplus_wzc,/model/version,verified,curation_workbook
vision,resnet50_ewconplus_wzc,/model/architecture,uncertain,curation_workbook
vision,resnet50_ewconplus_wzc,/model/parameter_count,verified,curation_workbook
vision,resnet50_ewconplus_wzc,/model/trainable_layers,verified,curation_workbook
vision,resnet50_ewconplus_wzc,/model/input_resolution,verified,curation_workbook
vision,resnet50_ewconplus_wzc,/model/recurrent,verified,curation_workbook
vision,resnet50_ewconplus_wzc,/model/visual_degrees,undocumented,curation_workbook
vision,resnet50_ewconplus_wzc,/model/supervision,probable,curation_workbook
vision,resnet50_ewconplus_wzc,/training/process,verified,curation_workbook
vision,resnet50_ewconplus_wzc,/training/objective,undocumented,curation_workbook
vision,resnet50_ewconplus_wzc,/training/loss,undocumented,curation_workbook
vision,resnet50_ewconplus_wzc,/training/learning_rate,undocumented,curation_workbook
vision,resnet50_ewconplus_wzc,/training/batch_size,undocumented,curation_workbook
vision,resnet50_ewconplus_wzc,/training/preprocessing,verified,curation_workbook
vision,resnet50_ewconplus_wzc,/data/training_datasets,uncertain,curation_workbook
vision,resnet50_ewconplus_wzc,/data/dataset_size,undocumented,curation_workbook
vision,resnet50_ewconplus_wzc,/eval/test_datasets,verified,curation_workbook
vision,resnet50_ewconplus_wzc,/eval/validation_datasets,undocumented,curation_workbook
vision,resnet50_ewconplus_wzc,/io/interface,verified,curation_workbook
vision,resnet50_ewconplus_wzc,/io/tokenizer,verified,curation_workbook
vision,resnet50_ewconplus_wzc,/provenance/weights_provider,verified,curation_workbook
vision,resnet50_ewconplus_wzc,/provenance/checkpoint,verified,curation_workbook
vision,resnet50_ewconplus_wzc,/legal/license,uncertain,curation_workbook
vision,resnet50_ewconplus_wzc,/people/creators,undocumented,curation_workbook
vision,resnet50_ewconplus_wzc,/people/organizations,probable,curation_workbook
vision,resnet50_ewconplus_wzc,/lineage/base_models,verified,curation_workbook
vision,resnet50_ewconplus_wzc,/use/applications,uncertain,curation_workbook
vision,resnet50_ewconplus_wzc,/use/users,uncertain,curation_workbook
vision,resnet50_ewconplus_wzc,/use/limitations,verified,curation_workbook
vision,resnet50_ewconplus_wzc,/use/biases,uncertain,curation_workbook
vision,resnet50_imagenet_full,/model/display_name,verified,curation_workbook
vision,resnet50_imagenet_full,/model/version,probable,curation_workbook
vision,resnet50_imagenet_full,/model/architecture,probable,curation_workbook
vision,resnet50_imagenet_full,/model/parameter_count,verified,curation_workbook
vision,resnet50_imagenet_full,/model/trainable_layers,probable,curation_workbook
vision,resnet50_imagenet_full,/model/input_resolution,undocumented,curation_workbook
vision,resnet50_imagenet_full,/model/recurrent,verified,curation_workbook
vision,resnet50_imagenet_full,/model/visual_degrees,undocumented,curation_workbook
vision,resnet50_imagenet_full,/model/supervision,probable,curation_workbook
vision,resnet50_imagenet_full,/training/process,probable,curation_workbook
vision,resnet50_imagenet_full,/training/objective,probable,curation_workbook
vision,resnet50_imagenet_full,/training/loss,probable,curation_workbook
vision,resnet50_imagenet_full,/training/learning_rate,undocumented,curation_workbook
vision,resnet50_imagenet_full,/training/batch_size,undocumented,curation_workbook
vision,resnet50_imagenet_full,/training/preprocessing,undocumented,curation_workbook
vision,resnet50_imagenet_full,/data/training_datasets,probable,curation_workbook
vision,resnet50_imagenet_full,/data/dataset_size,probable,curation_workbook
vision,resnet50_imagenet_full,/eval/test_datasets,verified,curation_workbook
vision,resnet50_imagenet_full,/eval/validation_datasets,probable,curation_workbook
vision,resnet50_imagenet_full,/io/interface,undocumented,curation_workbook
vision,resnet50_imagenet_full,/io/tokenizer,verified,curation_workbook
vision,resnet50_imagenet_full,/provenance/weights_provider,uncertain,curation_workbook
vision,resnet50_imagenet_full,/provenance/checkpoint,undocumented,curation_workbook
vision,resnet50_imagenet_full,/legal/license,uncertain,curation_workbook
vision,resnet50_imagenet_full,/people/creators,undocumented,curation_workbook
vision,resnet50_imagenet_full,/people/organizations,probable,curation_workbook
vision,resnet50_imagenet_full,/lineage/base_models,verified,curation_workbook
vision,resnet50_imagenet_full,/use/applications,probable,curation_workbook
vision,resnet50_imagenet_full,/use/users,probable,curation_workbook
vision,resnet50_imagenet_full,/use/limitations,probable,curation_workbook
vision,resnet50_imagenet_full,/use/biases,probable,curation_workbook
vision,resnet50_robust_l2_eps1,/model/display_name,verified,curation_workbook
vision,resnet50_robust_l2_eps1,/model/version,verified,curation_workbook
vision,resnet50_robust_l2_eps1,/model/architecture,verified,curation_workbook
vision,resnet50_robust_l2_eps1,/model/parameter_count,verified,curation_workbook
vision,resnet50_robust_l2_eps1,/model/trainable_layers,verified,curation_workbook
vision,resnet50_robust_l2_eps1,/model/input_resolution,verified,curation_workbook
vision,resnet50_robust_l2_eps1,/model/recurrent,verified,curation_workbook
vision,resnet50_robust_l2_eps1,/model/visual_degrees,undocumented,curation_workbook
vision,resnet50_robust_l2_eps1,/model/supervision,verified,curation_workbook
vision,resnet50_robust_l2_eps1,/training/process,verified,curation_workbook
vision,resnet50_robust_l2_eps1,/training/objective,verified,curation_workbook
vision,resnet50_robust_l2_eps1,/training/loss,verified,curation_workbook
vision,resnet50_robust_l2_eps1,/training/learning_rate,undocumented,curation_workbook
vision,resnet50_robust_l2_eps1,/training/batch_size,undocumented,curation_workbook
vision,resnet50_robust_l2_eps1,/training/preprocessing,verified,curation_workbook
vision,resnet50_robust_l2_eps1,/data/training_datasets,verified,curation_workbook
vision,resnet50_robust_l2_eps1,/data/dataset_size,verified,curation_workbook
vision,resnet50_robust_l2_eps1,/eval/test_datasets,verified,curation_workbook
vision,resnet50_robust_l2_eps1,/eval/validation_datasets,probable,curation_workbook
vision,resnet50_robust_l2_eps1,/io/interface,verified,curation_workbook
vision,resnet50_robust_l2_eps1,/io/tokenizer,verified,curation_workbook
vision,resnet50_robust_l2_eps1,/provenance/weights_provider,verified,curation_workbook
vision,resnet50_robust_l2_eps1,/provenance/checkpoint,verified,curation_workbook
vision,resnet50_robust_l2_eps1,/legal/license,probable,curation_workbook
vision,resnet50_robust_l2_eps1,/people/creators,verified,curation_workbook
vision,resnet50_robust_l2_eps1,/people/organizations,verified,curation_workbook
vision,resnet50_robust_l2_eps1,/lineage/base_models,verified,curation_workbook
vision,resnet50_robust_l2_eps1,/use/applications,probable,curation_workbook
vision,resnet50_robust_l2_eps1,/use/users,probable,curation_workbook
vision,resnet50_robust_l2_eps1,/use/limitations,probable,curation_workbook
vision,resnet50_robust_l2_eps1,/use/biases,probable,curation_workbook
vision,resnet50_tutorial,/model/display_name,verified,curation_workbook
vision,resnet50_tutorial,/model/version,verified,curation_workbook
vision,resnet50_tutorial,/model/architecture,verified,curation_workbook
vision,resnet50_tutorial,/model/parameter_count,verified,curation_workbook
vision,resnet50_tutorial,/model/trainable_layers,verified,curation_workbook
vision,resnet50_tutorial,/model/input_resolution,verified,curation_workbook
vision,resnet50_tutorial,/model/recurrent,verified,curation_workbook
vision,resnet50_tutorial,/model/visual_degrees,undocumented,curation_workbook
vision,resnet50_tutorial,/model/supervision,verified,curation_workbook
vision,resnet50_tutorial,/training/process,verified,curation_workbook
vision,resnet50_tutorial,/training/objective,verified,curation_workbook
vision,resnet50_tutorial,/training/loss,verified,curation_workbook
vision,resnet50_tutorial,/training/learning_rate,undocumented,curation_workbook
vision,resnet50_tutorial,/training/batch_size,undocumented,curation_workbook
vision,resnet50_tutorial,/training/preprocessing,verified,curation_workbook
vision,resnet50_tutorial,/data/training_datasets,verified,curation_workbook
vision,resnet50_tutorial,/data/dataset_size,verified,curation_workbook
vision,resnet50_tutorial,/eval/test_datasets,verified,curation_workbook
vision,resnet50_tutorial,/eval/validation_datasets,probable,curation_workbook
vision,resnet50_tutorial,/io/interface,verified,curation_workbook
vision,resnet50_tutorial,/io/tokenizer,verified,curation_workbook
vision,resnet50_tutorial,/provenance/weights_provider,verified,curation_workbook
vision,resnet50_tutorial,/provenance/checkpoint,verified,curation_workbook
vision,resnet50_tutorial,/legal/license,probable,curation_workbook
vision,resnet50_tutorial,/people/creators,verified,curation_workbook
vision,resnet50_tutorial,/people/organizations,verified,curation_workbook
vision,resnet50_tutorial,/lineage/base_models,verified,curation_workbook
vision,resnet50_tutorial,/use/applications,probable,curation_workbook
vision,resnet50_tutorial,/use/users,probable,curation_workbook
vision,resnet50_tutorial,/use/limitations,undocumented,curation_workbook
vision,resnet50_tutorial,/use/biases,verified,curation_workbook
vision,resnet_50_v1,/model/display_name,verified,curation_workbook
vision,resnet_50_v1,/model/version,verified,curation_workbook
vision,resnet_50_v1,/model/architecture,verified,curation_workbook
vision,resnet_50_v1,/model/parameter_count,verified,curation_workbook
vision,resnet_50_v1,/model/trainable_layers,verified,curation_workbook
vision,resnet_50_v1,/model/input_resolution,verified,curation_workbook
vision,resnet_50_v1,/model/recurrent,verified,curation_workbook
vision,resnet_50_v1,/model/visual_degrees,undocumented,curation_workbook
vision,resnet_50_v1,/model/supervision,verified,curation_workbook
vision,resnet_50_v1,/training/process,verified,curation_workbook
vision,resnet_50_v1,/training/objective,verified,curation_workbook
vision,resnet_50_v1,/training/loss,verified,curation_workbook
vision,resnet_50_v1,/training/learning_rate,undocumented,curation_workbook
vision,resnet_50_v1,/training/batch_size,undocumented,curation_workbook
vision,resnet_50_v1,/training/preprocessing,verified,curation_workbook
vision,resnet_50_v1,/data/training_datasets,verified,curation_workbook
vision,resnet_50_v1,/data/dataset_size,probable,curation_workbook
vision,resnet_50_v1,/eval/test_datasets,verified,curation_workbook
vision,resnet_50_v1,/eval/validation_datasets,probable,curation_workbook
vision,resnet_50_v1,/io/interface,verified,curation_workbook
vision,resnet_50_v1,/io/tokenizer,verified,curation_workbook
vision,resnet_50_v1,/provenance/weights_provider,verified,curation_workbook
vision,resnet_50_v1,/provenance/checkpoint,verified,curation_workbook
vision,resnet_50_v1,/legal/license,probable,curation_workbook
vision,resnet_50_v1,/people/creators,verified,curation_workbook
vision,resnet_50_v1,/people/organizations,verified,curation_workbook
vision,resnet_50_v1,/lineage/base_models,verified,curation_workbook
vision,resnet_50_v1,/use/applications,probable,curation_workbook
vision,resnet_50_v1,/use/users,probable,curation_workbook
vision,resnet_50_v1,/use/limitations,verified,curation_workbook
vision,resnet_50_v1,/use/biases,verified,curation_workbook
vision,resnet_50_v1_spiking,/model/display_name,verified,curation_workbook
vision,resnet_50_v1_spiking,/model/version,verified,curation_workbook
vision,resnet_50_v1_spiking,/model/architecture,verified,curation_workbook
vision,resnet_50_v1_spiking,/model/parameter_count,verified,curation_workbook
vision,resnet_50_v1_spiking,/model/trainable_layers,verified,curation_workbook
vision,resnet_50_v1_spiking,/model/input_resolution,verified,curation_workbook
vision,resnet_50_v1_spiking,/model/recurrent,verified,curation_workbook
vision,resnet_50_v1_spiking,/model/visual_degrees,undocumented,curation_workbook
vision,resnet_50_v1_spiking,/model/supervision,verified,curation_workbook
vision,resnet_50_v1_spiking,/training/process,verified,curation_workbook
vision,resnet_50_v1_spiking,/training/objective,verified,curation_workbook
vision,resnet_50_v1_spiking,/training/loss,verified,curation_workbook
vision,resnet_50_v1_spiking,/training/learning_rate,undocumented,curation_workbook
vision,resnet_50_v1_spiking,/training/batch_size,undocumented,curation_workbook
vision,resnet_50_v1_spiking,/training/preprocessing,verified,curation_workbook
vision,resnet_50_v1_spiking,/data/training_datasets,verified,curation_workbook
vision,resnet_50_v1_spiking,/data/dataset_size,uncertain,curation_workbook
vision,resnet_50_v1_spiking,/eval/test_datasets,verified,curation_workbook
vision,resnet_50_v1_spiking,/eval/validation_datasets,undocumented,curation_workbook
vision,resnet_50_v1_spiking,/io/interface,verified,curation_workbook
vision,resnet_50_v1_spiking,/io/tokenizer,verified,curation_workbook
vision,resnet_50_v1_spiking,/provenance/weights_provider,verified,curation_workbook
vision,resnet_50_v1_spiking,/provenance/checkpoint,verified,curation_workbook
vision,resnet_50_v1_spiking,/legal/license,probable,curation_workbook
vision,resnet_50_v1_spiking,/people/creators,verified,curation_workbook
vision,resnet_50_v1_spiking,/people/organizations,verified,curation_workbook
vision,resnet_50_v1_spiking,/lineage/base_models,verified,curation_workbook
vision,resnet_50_v1_spiking,/use/applications,uncertain,curation_workbook
vision,resnet_50_v1_spiking,/use/users,uncertain,curation_workbook
vision,resnet_50_v1_spiking,/use/limitations,verified,curation_workbook
vision,resnet_50_v1_spiking,/use/biases,verified,curation_workbook
vision,resnet_50_v2,/model/display_name,verified,curation_workbook
vision,resnet_50_v2,/model/version,verified,curation_workbook
vision,resnet_50_v2,/model/architecture,verified,curation_workbook
vision,resnet_50_v2,/model/parameter_count,verified,curation_workbook
vision,resnet_50_v2,/model/trainable_layers,verified,curation_workbook
vision,resnet_50_v2,/model/input_resolution,verified,curation_workbook
vision,resnet_50_v2,/model/recurrent,verified,curation_workbook
vision,resnet_50_v2,/model/visual_degrees,undocumented,curation_workbook
vision,resnet_50_v2,/model/supervision,verified,curation_workbook
vision,resnet_50_v2,/training/process,verified,curation_workbook
vision,resnet_50_v2,/training/objective,verified,curation_workbook
vision,resnet_50_v2,/training/loss,verified,curation_workbook
vision,resnet_50_v2,/training/learning_rate,undocumented,curation_workbook
vision,resnet_50_v2,/training/batch_size,undocumented,curation_workbook
vision,resnet_50_v2,/training/preprocessing,verified,curation_workbook
vision,resnet_50_v2,/data/training_datasets,verified,curation_workbook
vision,resnet_50_v2,/data/dataset_size,probable,curation_workbook
vision,resnet_50_v2,/eval/test_datasets,verified,curation_workbook
vision,resnet_50_v2,/eval/validation_datasets,probable,curation_workbook
vision,resnet_50_v2,/io/interface,verified,curation_workbook
vision,resnet_50_v2,/io/tokenizer,verified,curation_workbook
vision,resnet_50_v2,/provenance/weights_provider,verified,curation_workbook
vision,resnet_50_v2,/provenance/checkpoint,verified,curation_workbook
vision,resnet_50_v2,/legal/license,probable,curation_workbook
vision,resnet_50_v2,/people/creators,verified,curation_workbook
vision,resnet_50_v2,/people/organizations,verified,curation_workbook
vision,resnet_50_v2,/lineage/base_models,verified,curation_workbook
vision,resnet_50_v2,/use/applications,probable,curation_workbook
vision,resnet_50_v2,/use/users,probable,curation_workbook
vision,resnet_50_v2,/use/limitations,verified,curation_workbook
vision,resnet_50_v2,/use/biases,verified,curation_workbook
vision,resnet_SIN_IN_FT_IN,/model/display_name,verified,curation_workbook
vision,resnet_SIN_IN_FT_IN,/model/version,probable,curation_workbook
vision,resnet_SIN_IN_FT_IN,/model/architecture,verified,curation_workbook
vision,resnet_SIN_IN_FT_IN,/model/parameter_count,verified,curation_workbook
vision,resnet_SIN_IN_FT_IN,/model/trainable_layers,verified,curation_workbook
vision,resnet_SIN_IN_FT_IN,/model/input_resolution,verified,curation_workbook
vision,resnet_SIN_IN_FT_IN,/model/recurrent,verified,curation_workbook
vision,resnet_SIN_IN_FT_IN,/model/visual_degrees,probable,curation_workbook
vision,resnet_SIN_IN_FT_IN,/model/supervision,verified,curation_workbook
vision,resnet_SIN_IN_FT_IN,/training/process,verified,curation_workbook
vision,resnet_SIN_IN_FT_IN,/training/objective,verified,curation_workbook
vision,resnet_SIN_IN_FT_IN,/training/loss,verified,curation_workbook
vision,resnet_SIN_IN_FT_IN,/training/learning_rate,verified,curation_workbook
vision,resnet_SIN_IN_FT_IN,/training/batch_size,verified,curation_workbook
vision,resnet_SIN_IN_FT_IN,/training/preprocessing,probable,curation_workbook
vision,resnet_SIN_IN_FT_IN,/data/training_datasets,verified,curation_workbook
vision,resnet_SIN_IN_FT_IN,/data/dataset_size,probable,curation_workbook
vision,resnet_SIN_IN_FT_IN,/eval/test_datasets,verified,curation_workbook
vision,resnet_SIN_IN_FT_IN,/eval/validation_datasets,probable,curation_workbook
vision,resnet_SIN_IN_FT_IN,/io/interface,verified,curation_workbook
vision,resnet_SIN_IN_FT_IN,/io/tokenizer,verified,curation_workbook
vision,resnet_SIN_IN_FT_IN,/provenance/weights_provider,verified,curation_workbook
vision,resnet_SIN_IN_FT_IN,/provenance/checkpoint,verified,curation_workbook
vision,resnet_SIN_IN_FT_IN,/legal/license,undocumented,curation_workbook
vision,resnet_SIN_IN_FT_IN,/people/creators,verified,curation_workbook
vision,resnet_SIN_IN_FT_IN,/people/organizations,verified,curation_workbook
vision,resnet_SIN_IN_FT_IN,/lineage/base_models,verified,curation_workbook
vision,resnet_SIN_IN_FT_IN,/use/applications,probable,curation_workbook
vision,resnet_SIN_IN_FT_IN,/use/users,probable,curation_workbook
vision,resnet_SIN_IN_FT_IN,/use/limitations,probable,curation_workbook
vision,resnet_SIN_IN_FT_IN,/use/biases,verified,curation_workbook
vision,resnext101_32x16d_wsl,/model/display_name,verified,curation_workbook
vision,resnext101_32x16d_wsl,/model/version,verified,curation_workbook
vision,resnext101_32x16d_wsl,/model/architecture,verified,curation_workbook
vision,resnext101_32x16d_wsl,/model/parameter_count,verified,curation_workbook
vision,resnext101_32x16d_wsl,/model/trainable_layers,verified,curation_workbook
vision,resnext101_32x16d_wsl,/model/input_resolution,verified,curation_workbook
vision,resnext101_32x16d_wsl,/model/recurrent,verified,curation_workbook
vision,resnext101_32x16d_wsl,/model/visual_degrees,undocumented,curation_workbook
vision,resnext101_32x16d_wsl,/model/supervision,verified,curation_workbook
vision,resnext101_32x16d_wsl,/training/process,verified,curation_workbook
vision,resnext101_32x16d_wsl,/training/objective,verified,curation_workbook
vision,resnext101_32x16d_wsl,/training/loss,verified,curation_workbook
vision,resnext101_32x16d_wsl,/training/learning_rate,undocumented,curation_workbook
vision,resnext101_32x16d_wsl,/training/batch_size,undocumented,curation_workbook
vision,resnext101_32x16d_wsl,/training/preprocessing,verified,curation_workbook
vision,resnext101_32x16d_wsl,/data/training_datasets,verified,curation_workbook
vision,resnext101_32x16d_wsl,/data/dataset_size,verified,curation_workbook
vision,resnext101_32x16d_wsl,/eval/test_datasets,verified,curation_workbook
vision,resnext101_32x16d_wsl,/eval/validation_datasets,probable,curation_workbook
vision,resnext101_32x16d_wsl,/io/interface,verified,curation_workbook
vision,resnext101_32x16d_wsl,/io/tokenizer,verified,curation_workbook
vision,resnext101_32x16d_wsl,/provenance/weights_provider,verified,curation_workbook
vision,resnext101_32x16d_wsl,/provenance/checkpoint,verified,curation_workbook
vision,resnext101_32x16d_wsl,/legal/license,verified,curation_workbook
vision,resnext101_32x16d_wsl,/people/creators,verified,curation_workbook
vision,resnext101_32x16d_wsl,/people/organizations,verified,curation_workbook
vision,resnext101_32x16d_wsl,/lineage/base_models,verified,curation_workbook
vision,resnext101_32x16d_wsl,/use/applications,probable,curation_workbook
vision,resnext101_32x16d_wsl,/use/users,probable,curation_workbook
vision,resnext101_32x16d_wsl,/use/limitations,undocumented,curation_workbook
vision,resnext101_32x16d_wsl,/use/biases,probable,curation_workbook
vision,resnext101_32x32d_wsl,/model/display_name,verified,curation_workbook
vision,resnext101_32x32d_wsl,/model/version,verified,curation_workbook
vision,resnext101_32x32d_wsl,/model/architecture,verified,curation_workbook
vision,resnext101_32x32d_wsl,/model/parameter_count,verified,curation_workbook
vision,resnext101_32x32d_wsl,/model/trainable_layers,verified,curation_workbook
vision,resnext101_32x32d_wsl,/model/input_resolution,verified,curation_workbook
vision,resnext101_32x32d_wsl,/model/recurrent,verified,curation_workbook
vision,resnext101_32x32d_wsl,/model/visual_degrees,undocumented,curation_workbook
vision,resnext101_32x32d_wsl,/model/supervision,verified,curation_workbook
vision,resnext101_32x32d_wsl,/training/process,verified,curation_workbook
vision,resnext101_32x32d_wsl,/training/objective,verified,curation_workbook
vision,resnext101_32x32d_wsl,/training/loss,verified,curation_workbook
vision,resnext101_32x32d_wsl,/training/learning_rate,undocumented,curation_workbook
vision,resnext101_32x32d_wsl,/training/batch_size,undocumented,curation_workbook
vision,resnext101_32x32d_wsl,/training/preprocessing,verified,curation_workbook
vision,resnext101_32x32d_wsl,/data/training_datasets,verified,curation_workbook
vision,resnext101_32x32d_wsl,/data/dataset_size,verified,curation_workbook
vision,resnext101_32x32d_wsl,/eval/test_datasets,verified,curation_workbook
vision,resnext101_32x32d_wsl,/eval/validation_datasets,probable,curation_workbook
vision,resnext101_32x32d_wsl,/io/interface,verified,curation_workbook
vision,resnext101_32x32d_wsl,/io/tokenizer,verified,curation_workbook
vision,resnext101_32x32d_wsl,/provenance/weights_provider,verified,curation_workbook
vision,resnext101_32x32d_wsl,/provenance/checkpoint,verified,curation_workbook
vision,resnext101_32x32d_wsl,/legal/license,verified,curation_workbook
vision,resnext101_32x32d_wsl,/people/creators,verified,curation_workbook
vision,resnext101_32x32d_wsl,/people/organizations,verified,curation_workbook
vision,resnext101_32x32d_wsl,/lineage/base_models,verified,curation_workbook
vision,resnext101_32x32d_wsl,/use/applications,probable,curation_workbook
vision,resnext101_32x32d_wsl,/use/users,probable,curation_workbook
vision,resnext101_32x32d_wsl,/use/limitations,undocumented,curation_workbook
vision,resnext101_32x32d_wsl,/use/biases,probable,curation_workbook
vision,resnext101_32x48d_wsl,/model/display_name,verified,curation_workbook
vision,resnext101_32x48d_wsl,/model/version,verified,curation_workbook
vision,resnext101_32x48d_wsl,/model/architecture,verified,curation_workbook
vision,resnext101_32x48d_wsl,/model/parameter_count,verified,curation_workbook
vision,resnext101_32x48d_wsl,/model/trainable_layers,verified,curation_workbook
vision,resnext101_32x48d_wsl,/model/input_resolution,verified,curation_workbook
vision,resnext101_32x48d_wsl,/model/recurrent,verified,curation_workbook
vision,resnext101_32x48d_wsl,/model/visual_degrees,undocumented,curation_workbook
vision,resnext101_32x48d_wsl,/model/supervision,verified,curation_workbook
vision,resnext101_32x48d_wsl,/training/process,verified,curation_workbook
vision,resnext101_32x48d_wsl,/training/objective,verified,curation_workbook
vision,resnext101_32x48d_wsl,/training/loss,verified,curation_workbook
vision,resnext101_32x48d_wsl,/training/learning_rate,undocumented,curation_workbook
vision,resnext101_32x48d_wsl,/training/batch_size,undocumented,curation_workbook
vision,resnext101_32x48d_wsl,/training/preprocessing,verified,curation_workbook
vision,resnext101_32x48d_wsl,/data/training_datasets,verified,curation_workbook
vision,resnext101_32x48d_wsl,/data/dataset_size,verified,curation_workbook
vision,resnext101_32x48d_wsl,/eval/test_datasets,verified,curation_workbook
vision,resnext101_32x48d_wsl,/eval/validation_datasets,probable,curation_workbook
vision,resnext101_32x48d_wsl,/io/interface,verified,curation_workbook
vision,resnext101_32x48d_wsl,/io/tokenizer,verified,curation_workbook
vision,resnext101_32x48d_wsl,/provenance/weights_provider,verified,curation_workbook
vision,resnext101_32x48d_wsl,/provenance/checkpoint,verified,curation_workbook
vision,resnext101_32x48d_wsl,/legal/license,verified,curation_workbook
vision,resnext101_32x48d_wsl,/people/creators,verified,curation_workbook
vision,resnext101_32x48d_wsl,/people/organizations,verified,curation_workbook
vision,resnext101_32x48d_wsl,/lineage/base_models,verified,curation_workbook
vision,resnext101_32x48d_wsl,/use/applications,probable,curation_workbook
vision,resnext101_32x48d_wsl,/use/users,probable,curation_workbook
vision,resnext101_32x48d_wsl,/use/limitations,probable,curation_workbook
vision,resnext101_32x48d_wsl,/use/biases,probable,curation_workbook
vision,Resnext101_32x8d,/model/display_name,verified,curation_workbook
vision,Resnext101_32x8d,/model/version,undocumented,curation_workbook
vision,Resnext101_32x8d,/model/architecture,verified,curation_workbook
vision,Resnext101_32x8d,/model/parameter_count,verified,curation_workbook
vision,Resnext101_32x8d,/model/trainable_layers,verified,curation_workbook
vision,Resnext101_32x8d,/model/input_resolution,verified,curation_workbook
vision,Resnext101_32x8d,/model/recurrent,verified,curation_workbook
vision,Resnext101_32x8d,/model/visual_degrees,undocumented,curation_workbook
vision,Resnext101_32x8d,/model/supervision,verified,curation_workbook
vision,Resnext101_32x8d,/training/process,verified,curation_workbook
vision,Resnext101_32x8d,/training/objective,verified,curation_workbook
vision,Resnext101_32x8d,/training/loss,verified,curation_workbook
vision,Resnext101_32x8d,/training/learning_rate,verified,curation_workbook
vision,Resnext101_32x8d,/training/batch_size,verified,curation_workbook
vision,Resnext101_32x8d,/training/preprocessing,verified,curation_workbook
vision,Resnext101_32x8d,/data/training_datasets,verified,curation_workbook
vision,Resnext101_32x8d,/data/dataset_size,verified,curation_workbook
vision,Resnext101_32x8d,/eval/test_datasets,verified,curation_workbook
vision,Resnext101_32x8d,/eval/validation_datasets,verified,curation_workbook
vision,Resnext101_32x8d,/io/interface,verified,curation_workbook
vision,Resnext101_32x8d,/io/tokenizer,verified,curation_workbook
vision,Resnext101_32x8d,/provenance/weights_provider,verified,curation_workbook
vision,Resnext101_32x8d,/provenance/checkpoint,verified,curation_workbook
vision,Resnext101_32x8d,/legal/license,verified,curation_workbook
vision,Resnext101_32x8d,/people/creators,verified,curation_workbook
vision,Resnext101_32x8d,/people/organizations,verified,curation_workbook
vision,Resnext101_32x8d,/lineage/base_models,undocumented,curation_workbook
vision,Resnext101_32x8d,/use/applications,verified,curation_workbook
vision,Resnext101_32x8d,/use/users,verified,curation_workbook
vision,Resnext101_32x8d,/use/limitations,verified,curation_workbook
vision,Resnext101_32x8d,/use/biases,verified,curation_workbook
vision,resnext101_32x8d_wsl,/model/display_name,verified,curation_workbook
vision,resnext101_32x8d_wsl,/model/version,verified,curation_workbook
vision,resnext101_32x8d_wsl,/model/architecture,verified,curation_workbook
vision,resnext101_32x8d_wsl,/model/parameter_count,verified,curation_workbook
vision,resnext101_32x8d_wsl,/model/trainable_layers,verified,curation_workbook
vision,resnext101_32x8d_wsl,/model/input_resolution,verified,curation_workbook
vision,resnext101_32x8d_wsl,/model/recurrent,verified,curation_workbook
vision,resnext101_32x8d_wsl,/model/visual_degrees,undocumented,curation_workbook
vision,resnext101_32x8d_wsl,/model/supervision,verified,curation_workbook
vision,resnext101_32x8d_wsl,/training/process,verified,curation_workbook
vision,resnext101_32x8d_wsl,/training/objective,verified,curation_workbook
vision,resnext101_32x8d_wsl,/training/loss,verified,curation_workbook
vision,resnext101_32x8d_wsl,/training/learning_rate,undocumented,curation_workbook
vision,resnext101_32x8d_wsl,/training/batch_size,undocumented,curation_workbook
vision,resnext101_32x8d_wsl,/training/preprocessing,verified,curation_workbook
vision,resnext101_32x8d_wsl,/data/training_datasets,verified,curation_workbook
vision,resnext101_32x8d_wsl,/data/dataset_size,verified,curation_workbook
vision,resnext101_32x8d_wsl,/eval/test_datasets,verified,curation_workbook
vision,resnext101_32x8d_wsl,/eval/validation_datasets,probable,curation_workbook
vision,resnext101_32x8d_wsl,/io/interface,verified,curation_workbook
vision,resnext101_32x8d_wsl,/io/tokenizer,verified,curation_workbook
vision,resnext101_32x8d_wsl,/provenance/weights_provider,verified,curation_workbook
vision,resnext101_32x8d_wsl,/provenance/checkpoint,verified,curation_workbook
vision,resnext101_32x8d_wsl,/legal/license,verified,curation_workbook
vision,resnext101_32x8d_wsl,/people/creators,verified,curation_workbook
vision,resnext101_32x8d_wsl,/people/organizations,verified,curation_workbook
vision,resnext101_32x8d_wsl,/lineage/base_models,verified,curation_workbook
vision,resnext101_32x8d_wsl,/use/applications,probable,curation_workbook
vision,resnext101_32x8d_wsl,/use/users,probable,curation_workbook
vision,resnext101_32x8d_wsl,/use/limitations,undocumented,curation_workbook
vision,resnext101_32x8d_wsl,/use/biases,probable,curation_workbook
vision,shufflenet_v2_x1_0,/model/display_name,verified,curation_workbook
vision,shufflenet_v2_x1_0,/model/version,verified,curation_workbook
vision,shufflenet_v2_x1_0,/model/architecture,verified,curation_workbook
vision,shufflenet_v2_x1_0,/model/parameter_count,verified,curation_workbook
vision,shufflenet_v2_x1_0,/model/trainable_layers,probable,curation_workbook
vision,shufflenet_v2_x1_0,/model/input_resolution,verified,curation_workbook
vision,shufflenet_v2_x1_0,/model/recurrent,verified,curation_workbook
vision,shufflenet_v2_x1_0,/model/visual_degrees,undocumented,curation_workbook
vision,shufflenet_v2_x1_0,/model/supervision,verified,curation_workbook
vision,shufflenet_v2_x1_0,/training/process,verified,curation_workbook
vision,shufflenet_v2_x1_0,/training/objective,verified,curation_workbook
vision,shufflenet_v2_x1_0,/training/loss,verified,curation_workbook
vision,shufflenet_v2_x1_0,/training/learning_rate,undocumented,curation_workbook
vision,shufflenet_v2_x1_0,/training/batch_size,undocumented,curation_workbook
vision,shufflenet_v2_x1_0,/training/preprocessing,verified,curation_workbook
vision,shufflenet_v2_x1_0,/data/training_datasets,verified,curation_workbook
vision,shufflenet_v2_x1_0,/data/dataset_size,verified,curation_workbook
vision,shufflenet_v2_x1_0,/eval/test_datasets,verified,curation_workbook
vision,shufflenet_v2_x1_0,/eval/validation_datasets,probable,curation_workbook
vision,shufflenet_v2_x1_0,/io/interface,verified,curation_workbook
vision,shufflenet_v2_x1_0,/io/tokenizer,verified,curation_workbook
vision,shufflenet_v2_x1_0,/provenance/weights_provider,verified,curation_workbook
vision,shufflenet_v2_x1_0,/provenance/checkpoint,verified,curation_workbook
vision,shufflenet_v2_x1_0,/legal/license,verified,curation_workbook
vision,shufflenet_v2_x1_0,/people/creators,verified,curation_workbook
vision,shufflenet_v2_x1_0,/people/organizations,verified,curation_workbook
vision,shufflenet_v2_x1_0,/lineage/base_models,verified,curation_workbook
vision,shufflenet_v2_x1_0,/use/applications,probable,curation_workbook
vision,shufflenet_v2_x1_0,/use/users,probable,curation_workbook
vision,shufflenet_v2_x1_0,/use/limitations,probable,curation_workbook
vision,shufflenet_v2_x1_0,/use/biases,probable,curation_workbook
vision,swin_small_patch4_window7_224:ms_in22k_ft_in1k,/model/display_name,verified,curation_workbook
vision,swin_small_patch4_window7_224:ms_in22k_ft_in1k,/model/version,verified,curation_workbook
vision,swin_small_patch4_window7_224:ms_in22k_ft_in1k,/model/architecture,verified,curation_workbook
vision,swin_small_patch4_window7_224:ms_in22k_ft_in1k,/model/parameter_count,verified,curation_workbook
vision,swin_small_patch4_window7_224:ms_in22k_ft_in1k,/model/trainable_layers,probable,curation_workbook
vision,swin_small_patch4_window7_224:ms_in22k_ft_in1k,/model/input_resolution,verified,curation_workbook
vision,swin_small_patch4_window7_224:ms_in22k_ft_in1k,/model/recurrent,verified,curation_workbook
vision,swin_small_patch4_window7_224:ms_in22k_ft_in1k,/model/visual_degrees,undocumented,curation_workbook
vision,swin_small_patch4_window7_224:ms_in22k_ft_in1k,/model/supervision,verified,curation_workbook
vision,swin_small_patch4_window7_224:ms_in22k_ft_in1k,/training/process,verified,curation_workbook
vision,swin_small_patch4_window7_224:ms_in22k_ft_in1k,/training/objective,verified,curation_workbook
vision,swin_small_patch4_window7_224:ms_in22k_ft_in1k,/training/loss,verified,curation_workbook
vision,swin_small_patch4_window7_224:ms_in22k_ft_in1k,/training/learning_rate,undocumented,curation_workbook
vision,swin_small_patch4_window7_224:ms_in22k_ft_in1k,/training/batch_size,undocumented,curation_workbook
vision,swin_small_patch4_window7_224:ms_in22k_ft_in1k,/training/preprocessing,verified,curation_workbook
vision,swin_small_patch4_window7_224:ms_in22k_ft_in1k,/data/training_datasets,verified,curation_workbook
vision,swin_small_patch4_window7_224:ms_in22k_ft_in1k,/data/dataset_size,verified,curation_workbook
vision,swin_small_patch4_window7_224:ms_in22k_ft_in1k,/eval/test_datasets,verified,curation_workbook
vision,swin_small_patch4_window7_224:ms_in22k_ft_in1k,/eval/validation_datasets,probable,curation_workbook
vision,swin_small_patch4_window7_224:ms_in22k_ft_in1k,/io/interface,verified,curation_workbook
vision,swin_small_patch4_window7_224:ms_in22k_ft_in1k,/io/tokenizer,verified,curation_workbook
vision,swin_small_patch4_window7_224:ms_in22k_ft_in1k,/provenance/weights_provider,verified,curation_workbook
vision,swin_small_patch4_window7_224:ms_in22k_ft_in1k,/provenance/checkpoint,verified,curation_workbook
vision,swin_small_patch4_window7_224:ms_in22k_ft_in1k,/legal/license,verified,curation_workbook
vision,swin_small_patch4_window7_224:ms_in22k_ft_in1k,/people/creators,verified,curation_workbook
vision,swin_small_patch4_window7_224:ms_in22k_ft_in1k,/people/organizations,verified,curation_workbook
vision,swin_small_patch4_window7_224:ms_in22k_ft_in1k,/lineage/base_models,verified,curation_workbook
vision,swin_small_patch4_window7_224:ms_in22k_ft_in1k,/use/applications,probable,curation_workbook
vision,swin_small_patch4_window7_224:ms_in22k_ft_in1k,/use/users,probable,curation_workbook
vision,swin_small_patch4_window7_224:ms_in22k_ft_in1k,/use/limitations,probable,curation_workbook
vision,swin_small_patch4_window7_224:ms_in22k_ft_in1k,/use/biases,probable,curation_workbook
vision,vit_base_patch16_clip_224:openai_ft_in1k,/model/display_name,verified,curation_workbook
vision,vit_base_patch16_clip_224:openai_ft_in1k,/model/version,verified,curation_workbook
vision,vit_base_patch16_clip_224:openai_ft_in1k,/model/architecture,verified,curation_workbook
vision,vit_base_patch16_clip_224:openai_ft_in1k,/model/parameter_count,verified,curation_workbook
vision,vit_base_patch16_clip_224:openai_ft_in1k,/model/trainable_layers,verified,curation_workbook
vision,vit_base_patch16_clip_224:openai_ft_in1k,/model/input_resolution,verified,curation_workbook
vision,vit_base_patch16_clip_224:openai_ft_in1k,/model/recurrent,verified,curation_workbook
vision,vit_base_patch16_clip_224:openai_ft_in1k,/model/visual_degrees,undocumented,curation_workbook
vision,vit_base_patch16_clip_224:openai_ft_in1k,/model/supervision,verified,curation_workbook
vision,vit_base_patch16_clip_224:openai_ft_in1k,/training/process,verified,curation_workbook
vision,vit_base_patch16_clip_224:openai_ft_in1k,/training/objective,verified,curation_workbook
vision,vit_base_patch16_clip_224:openai_ft_in1k,/training/loss,verified,curation_workbook
vision,vit_base_patch16_clip_224:openai_ft_in1k,/training/learning_rate,uncertain,curation_workbook
vision,vit_base_patch16_clip_224:openai_ft_in1k,/training/batch_size,probable,curation_workbook
vision,vit_base_patch16_clip_224:openai_ft_in1k,/training/preprocessing,probable,curation_workbook
vision,vit_base_patch16_clip_224:openai_ft_in1k,/data/training_datasets,verified,curation_workbook
vision,vit_base_patch16_clip_224:openai_ft_in1k,/data/dataset_size,verified,curation_workbook
vision,vit_base_patch16_clip_224:openai_ft_in1k,/eval/test_datasets,verified,curation_workbook
vision,vit_base_patch16_clip_224:openai_ft_in1k,/eval/validation_datasets,probable,curation_workbook
vision,vit_base_patch16_clip_224:openai_ft_in1k,/io/interface,verified,curation_workbook
vision,vit_base_patch16_clip_224:openai_ft_in1k,/io/tokenizer,verified,curation_workbook
vision,vit_base_patch16_clip_224:openai_ft_in1k,/provenance/weights_provider,verified,curation_workbook
vision,vit_base_patch16_clip_224:openai_ft_in1k,/provenance/checkpoint,verified,curation_workbook
vision,vit_base_patch16_clip_224:openai_ft_in1k,/legal/license,probable,curation_workbook
vision,vit_base_patch16_clip_224:openai_ft_in1k,/people/creators,verified,curation_workbook
vision,vit_base_patch16_clip_224:openai_ft_in1k,/people/organizations,verified,curation_workbook
vision,vit_base_patch16_clip_224:openai_ft_in1k,/lineage/base_models,verified,curation_workbook
vision,vit_base_patch16_clip_224:openai_ft_in1k,/use/applications,probable,curation_workbook
vision,vit_base_patch16_clip_224:openai_ft_in1k,/use/users,probable,curation_workbook
vision,vit_base_patch16_clip_224:openai_ft_in1k,/use/limitations,probable,curation_workbook
vision,vit_base_patch16_clip_224:openai_ft_in1k,/use/biases,verified,curation_workbook
vision,vit_huge_patch14_clip_224:laion2b_ft_in12k_in1k,/model/display_name,verified,curation_workbook
vision,vit_huge_patch14_clip_224:laion2b_ft_in12k_in1k,/model/version,verified,curation_workbook
vision,vit_huge_patch14_clip_224:laion2b_ft_in12k_in1k,/model/architecture,verified,curation_workbook
vision,vit_huge_patch14_clip_224:laion2b_ft_in12k_in1k,/model/parameter_count,verified,curation_workbook
vision,vit_huge_patch14_clip_224:laion2b_ft_in12k_in1k,/model/trainable_layers,probable,curation_workbook
vision,vit_huge_patch14_clip_224:laion2b_ft_in12k_in1k,/model/input_resolution,verified,curation_workbook
vision,vit_huge_patch14_clip_224:laion2b_ft_in12k_in1k,/model/recurrent,verified,curation_workbook
vision,vit_huge_patch14_clip_224:laion2b_ft_in12k_in1k,/model/visual_degrees,undocumented,curation_workbook
vision,vit_huge_patch14_clip_224:laion2b_ft_in12k_in1k,/model/supervision,verified,curation_workbook
vision,vit_huge_patch14_clip_224:laion2b_ft_in12k_in1k,/training/process,verified,curation_workbook
vision,vit_huge_patch14_clip_224:laion2b_ft_in12k_in1k,/training/objective,verified,curation_workbook
vision,vit_huge_patch14_clip_224:laion2b_ft_in12k_in1k,/training/loss,verified,curation_workbook
vision,vit_huge_patch14_clip_224:laion2b_ft_in12k_in1k,/training/learning_rate,undocumented,curation_workbook
vision,vit_huge_patch14_clip_224:laion2b_ft_in12k_in1k,/training/batch_size,probable,curation_workbook
vision,vit_huge_patch14_clip_224:laion2b_ft_in12k_in1k,/training/preprocessing,probable,curation_workbook
vision,vit_huge_patch14_clip_224:laion2b_ft_in12k_in1k,/data/training_datasets,verified,curation_workbook
vision,vit_huge_patch14_clip_224:laion2b_ft_in12k_in1k,/data/dataset_size,verified,curation_workbook
vision,vit_huge_patch14_clip_224:laion2b_ft_in12k_in1k,/eval/test_datasets,verified,curation_workbook
vision,vit_huge_patch14_clip_224:laion2b_ft_in12k_in1k,/eval/validation_datasets,probable,curation_workbook
vision,vit_huge_patch14_clip_224:laion2b_ft_in12k_in1k,/io/interface,verified,curation_workbook
vision,vit_huge_patch14_clip_224:laion2b_ft_in12k_in1k,/io/tokenizer,verified,curation_workbook
vision,vit_huge_patch14_clip_224:laion2b_ft_in12k_in1k,/provenance/weights_provider,verified,curation_workbook
vision,vit_huge_patch14_clip_224:laion2b_ft_in12k_in1k,/provenance/checkpoint,verified,curation_workbook
vision,vit_huge_patch14_clip_224:laion2b_ft_in12k_in1k,/legal/license,verified,curation_workbook
vision,vit_huge_patch14_clip_224:laion2b_ft_in12k_in1k,/people/creators,verified,curation_workbook
vision,vit_huge_patch14_clip_224:laion2b_ft_in12k_in1k,/people/organizations,verified,curation_workbook
vision,vit_huge_patch14_clip_224:laion2b_ft_in12k_in1k,/lineage/base_models,verified,curation_workbook
vision,vit_huge_patch14_clip_224:laion2b_ft_in12k_in1k,/use/applications,probable,curation_workbook
vision,vit_huge_patch14_clip_224:laion2b_ft_in12k_in1k,/use/users,probable,curation_workbook
vision,vit_huge_patch14_clip_224:laion2b_ft_in12k_in1k,/use/limitations,probable,curation_workbook
vision,vit_huge_patch14_clip_224:laion2b_ft_in12k_in1k,/use/biases,verified,curation_workbook
vision,ViT_L_32_imagenet1k,/model/display_name,verified,curation_workbook
vision,ViT_L_32_imagenet1k,/model/version,verified,curation_workbook
vision,ViT_L_32_imagenet1k,/model/architecture,verified,curation_workbook
vision,ViT_L_32_imagenet1k,/model/parameter_count,verified,curation_workbook
vision,ViT_L_32_imagenet1k,/model/trainable_layers,verified,curation_workbook
vision,ViT_L_32_imagenet1k,/model/input_resolution,verified,curation_workbook
vision,ViT_L_32_imagenet1k,/model/recurrent,verified,curation_workbook
vision,ViT_L_32_imagenet1k,/model/visual_degrees,undocumented,curation_workbook
vision,ViT_L_32_imagenet1k,/model/supervision,verified,curation_workbook
vision,ViT_L_32_imagenet1k,/training/process,verified,curation_workbook
vision,ViT_L_32_imagenet1k,/training/objective,verified,curation_workbook
vision,ViT_L_32_imagenet1k,/training/loss,verified,curation_workbook
vision,ViT_L_32_imagenet1k,/training/learning_rate,verified,curation_workbook
vision,ViT_L_32_imagenet1k,/training/batch_size,verified,curation_workbook
vision,ViT_L_32_imagenet1k,/training/preprocessing,verified,curation_workbook
vision,ViT_L_32_imagenet1k,/data/training_datasets,verified,curation_workbook
vision,ViT_L_32_imagenet1k,/data/dataset_size,verified,curation_workbook
vision,ViT_L_32_imagenet1k,/eval/test_datasets,verified,curation_workbook
vision,ViT_L_32_imagenet1k,/eval/validation_datasets,probable,curation_workbook
vision,ViT_L_32_imagenet1k,/io/interface,verified,curation_workbook
vision,ViT_L_32_imagenet1k,/io/tokenizer,verified,curation_workbook
vision,ViT_L_32_imagenet1k,/provenance/weights_provider,verified,curation_workbook
vision,ViT_L_32_imagenet1k,/provenance/checkpoint,verified,curation_workbook
vision,ViT_L_32_imagenet1k,/legal/license,probable,curation_workbook
vision,ViT_L_32_imagenet1k,/people/creators,verified,curation_workbook
vision,ViT_L_32_imagenet1k,/people/organizations,verified,curation_workbook
vision,ViT_L_32_imagenet1k,/lineage/base_models,verified,curation_workbook
vision,ViT_L_32_imagenet1k,/use/applications,probable,curation_workbook
vision,ViT_L_32_imagenet1k,/use/users,probable,curation_workbook
vision,ViT_L_32_imagenet1k,/use/limitations,probable,curation_workbook
vision,ViT_L_32_imagenet1k,/use/biases,probable,curation_workbook
vision,vit_large_patch14_clip_224:laion2b_ft_in12k_in1k,/model/display_name,verified,curation_workbook
vision,vit_large_patch14_clip_224:laion2b_ft_in12k_in1k,/model/version,probable,curation_workbook
vision,vit_large_patch14_clip_224:laion2b_ft_in12k_in1k,/model/architecture,verified,curation_workbook
vision,vit_large_patch14_clip_224:laion2b_ft_in12k_in1k,/model/parameter_count,verified,curation_workbook
vision,vit_large_patch14_clip_224:laion2b_ft_in12k_in1k,/model/trainable_layers,uncertain,curation_workbook
vision,vit_large_patch14_clip_224:laion2b_ft_in12k_in1k,/model/input_resolution,verified,curation_workbook
vision,vit_large_patch14_clip_224:laion2b_ft_in12k_in1k,/model/recurrent,verified,curation_workbook
vision,vit_large_patch14_clip_224:laion2b_ft_in12k_in1k,/model/visual_degrees,undocumented,curation_workbook
vision,vit_large_patch14_clip_224:laion2b_ft_in12k_in1k,/model/supervision,verified,curation_workbook
vision,vit_large_patch14_clip_224:laion2b_ft_in12k_in1k,/training/process,verified,curation_workbook
vision,vit_large_patch14_clip_224:laion2b_ft_in12k_in1k,/training/objective,probable,curation_workbook
vision,vit_large_patch14_clip_224:laion2b_ft_in12k_in1k,/training/loss,probable,curation_workbook
vision,vit_large_patch14_clip_224:laion2b_ft_in12k_in1k,/training/learning_rate,undocumented,curation_workbook
vision,vit_large_patch14_clip_224:laion2b_ft_in12k_in1k,/training/batch_size,undocumented,curation_workbook
vision,vit_large_patch14_clip_224:laion2b_ft_in12k_in1k,/training/preprocessing,probable,curation_workbook
vision,vit_large_patch14_clip_224:laion2b_ft_in12k_in1k,/data/training_datasets,verified,curation_workbook
vision,vit_large_patch14_clip_224:laion2b_ft_in12k_in1k,/data/dataset_size,probable,curation_workbook
vision,vit_large_patch14_clip_224:laion2b_ft_in12k_in1k,/eval/test_datasets,verified,curation_workbook
vision,vit_large_patch14_clip_224:laion2b_ft_in12k_in1k,/eval/validation_datasets,probable,curation_workbook
vision,vit_large_patch14_clip_224:laion2b_ft_in12k_in1k,/io/interface,verified,curation_workbook
vision,vit_large_patch14_clip_224:laion2b_ft_in12k_in1k,/io/tokenizer,verified,curation_workbook
vision,vit_large_patch14_clip_224:laion2b_ft_in12k_in1k,/provenance/weights_provider,verified,curation_workbook
vision,vit_large_patch14_clip_224:laion2b_ft_in12k_in1k,/provenance/checkpoint,verified,curation_workbook
vision,vit_large_patch14_clip_224:laion2b_ft_in12k_in1k,/legal/license,probable,curation_workbook
vision,vit_large_patch14_clip_224:laion2b_ft_in12k_in1k,/people/creators,verified,curation_workbook
vision,vit_large_patch14_clip_224:laion2b_ft_in12k_in1k,/people/organizations,verified,curation_workbook
vision,vit_large_patch14_clip_224:laion2b_ft_in12k_in1k,/lineage/base_models,verified,curation_workbook
vision,vit_large_patch14_clip_224:laion2b_ft_in12k_in1k,/use/applications,verified,curation_workbook
vision,vit_large_patch14_clip_224:laion2b_ft_in12k_in1k,/use/users,probable,curation_workbook
vision,vit_large_patch14_clip_224:laion2b_ft_in12k_in1k,/use/limitations,verified,curation_workbook
vision,vit_large_patch14_clip_224:laion2b_ft_in12k_in1k,/use/biases,verified,curation_workbook
vision,vit_large_patch14_clip_224:laion2b_ft_in1k,/model/display_name,verified,curation_workbook
vision,vit_large_patch14_clip_224:laion2b_ft_in1k,/model/version,probable,curation_workbook
vision,vit_large_patch14_clip_224:laion2b_ft_in1k,/model/architecture,verified,curation_workbook
vision,vit_large_patch14_clip_224:laion2b_ft_in1k,/model/parameter_count,verified,curation_workbook
vision,vit_large_patch14_clip_224:laion2b_ft_in1k,/model/trainable_layers,uncertain,curation_workbook
vision,vit_large_patch14_clip_224:laion2b_ft_in1k,/model/input_resolution,verified,curation_workbook
vision,vit_large_patch14_clip_224:laion2b_ft_in1k,/model/recurrent,verified,curation_workbook
vision,vit_large_patch14_clip_224:laion2b_ft_in1k,/model/visual_degrees,undocumented,curation_workbook
vision,vit_large_patch14_clip_224:laion2b_ft_in1k,/model/supervision,verified,curation_workbook
vision,vit_large_patch14_clip_224:laion2b_ft_in1k,/training/process,verified,curation_workbook
vision,vit_large_patch14_clip_224:laion2b_ft_in1k,/training/objective,probable,curation_workbook
vision,vit_large_patch14_clip_224:laion2b_ft_in1k,/training/loss,probable,curation_workbook
vision,vit_large_patch14_clip_224:laion2b_ft_in1k,/training/learning_rate,undocumented,curation_workbook
vision,vit_large_patch14_clip_224:laion2b_ft_in1k,/training/batch_size,undocumented,curation_workbook
vision,vit_large_patch14_clip_224:laion2b_ft_in1k,/training/preprocessing,probable,curation_workbook
vision,vit_large_patch14_clip_224:laion2b_ft_in1k,/data/training_datasets,verified,curation_workbook
vision,vit_large_patch14_clip_224:laion2b_ft_in1k,/data/dataset_size,verified,curation_workbook
vision,vit_large_patch14_clip_224:laion2b_ft_in1k,/eval/test_datasets,verified,curation_workbook
vision,vit_large_patch14_clip_224:laion2b_ft_in1k,/eval/validation_datasets,probable,curation_workbook
vision,vit_large_patch14_clip_224:laion2b_ft_in1k,/io/interface,verified,curation_workbook
vision,vit_large_patch14_clip_224:laion2b_ft_in1k,/io/tokenizer,verified,curation_workbook
vision,vit_large_patch14_clip_224:laion2b_ft_in1k,/provenance/weights_provider,verified,curation_workbook
vision,vit_large_patch14_clip_224:laion2b_ft_in1k,/provenance/checkpoint,verified,curation_workbook
vision,vit_large_patch14_clip_224:laion2b_ft_in1k,/legal/license,probable,curation_workbook
vision,vit_large_patch14_clip_224:laion2b_ft_in1k,/people/creators,verified,curation_workbook
vision,vit_large_patch14_clip_224:laion2b_ft_in1k,/people/organizations,verified,curation_workbook
vision,vit_large_patch14_clip_224:laion2b_ft_in1k,/lineage/base_models,verified,curation_workbook
vision,vit_large_patch14_clip_224:laion2b_ft_in1k,/use/applications,probable,curation_workbook
vision,vit_large_patch14_clip_224:laion2b_ft_in1k,/use/users,probable,curation_workbook
vision,vit_large_patch14_clip_224:laion2b_ft_in1k,/use/limitations,verified,curation_workbook
vision,vit_large_patch14_clip_224:laion2b_ft_in1k,/use/biases,verified,curation_workbook
vision,vit_large_patch14_clip_224:openai_ft_in12k_in1k,/model/display_name,verified,curation_workbook
vision,vit_large_patch14_clip_224:openai_ft_in12k_in1k,/model/version,probable,curation_workbook
vision,vit_large_patch14_clip_224:openai_ft_in12k_in1k,/model/architecture,verified,curation_workbook
vision,vit_large_patch14_clip_224:openai_ft_in12k_in1k,/model/parameter_count,verified,curation_workbook
vision,vit_large_patch14_clip_224:openai_ft_in12k_in1k,/model/trainable_layers,uncertain,curation_workbook
vision,vit_large_patch14_clip_224:openai_ft_in12k_in1k,/model/input_resolution,verified,curation_workbook
vision,vit_large_patch14_clip_224:openai_ft_in12k_in1k,/model/recurrent,verified,curation_workbook
vision,vit_large_patch14_clip_224:openai_ft_in12k_in1k,/model/visual_degrees,undocumented,curation_workbook
vision,vit_large_patch14_clip_224:openai_ft_in12k_in1k,/model/supervision,verified,curation_workbook
vision,vit_large_patch14_clip_224:openai_ft_in12k_in1k,/training/process,verified,curation_workbook
vision,vit_large_patch14_clip_224:openai_ft_in12k_in1k,/training/objective,probable,curation_workbook
vision,vit_large_patch14_clip_224:openai_ft_in12k_in1k,/training/loss,probable,curation_workbook
vision,vit_large_patch14_clip_224:openai_ft_in12k_in1k,/training/learning_rate,undocumented,curation_workbook
vision,vit_large_patch14_clip_224:openai_ft_in12k_in1k,/training/batch_size,undocumented,curation_workbook
vision,vit_large_patch14_clip_224:openai_ft_in12k_in1k,/training/preprocessing,probable,curation_workbook
vision,vit_large_patch14_clip_224:openai_ft_in12k_in1k,/data/training_datasets,verified,curation_workbook
vision,vit_large_patch14_clip_224:openai_ft_in12k_in1k,/data/dataset_size,probable,curation_workbook
vision,vit_large_patch14_clip_224:openai_ft_in12k_in1k,/eval/test_datasets,verified,curation_workbook
vision,vit_large_patch14_clip_224:openai_ft_in12k_in1k,/eval/validation_datasets,probable,curation_workbook
vision,vit_large_patch14_clip_224:openai_ft_in12k_in1k,/io/interface,verified,curation_workbook
vision,vit_large_patch14_clip_224:openai_ft_in12k_in1k,/io/tokenizer,verified,curation_workbook
vision,vit_large_patch14_clip_224:openai_ft_in12k_in1k,/provenance/weights_provider,verified,curation_workbook
vision,vit_large_patch14_clip_224:openai_ft_in12k_in1k,/provenance/checkpoint,verified,curation_workbook
vision,vit_large_patch14_clip_224:openai_ft_in12k_in1k,/legal/license,probable,curation_workbook
vision,vit_large_patch14_clip_224:openai_ft_in12k_in1k,/people/creators,verified,curation_workbook
vision,vit_large_patch14_clip_224:openai_ft_in12k_in1k,/people/organizations,verified,curation_workbook
vision,vit_large_patch14_clip_224:openai_ft_in12k_in1k,/lineage/base_models,verified,curation_workbook
vision,vit_large_patch14_clip_224:openai_ft_in12k_in1k,/use/applications,verified,curation_workbook
vision,vit_large_patch14_clip_224:openai_ft_in12k_in1k,/use/users,probable,curation_workbook
vision,vit_large_patch14_clip_224:openai_ft_in12k_in1k,/use/limitations,probable,curation_workbook
vision,vit_large_patch14_clip_224:openai_ft_in12k_in1k,/use/biases,verified,curation_workbook
vision,vit_large_patch14_clip_224:openai_ft_in1k,/model/display_name,verified,curation_workbook
vision,vit_large_patch14_clip_224:openai_ft_in1k,/model/version,probable,curation_workbook
vision,vit_large_patch14_clip_224:openai_ft_in1k,/model/architecture,verified,curation_workbook
vision,vit_large_patch14_clip_224:openai_ft_in1k,/model/parameter_count,verified,curation_workbook
vision,vit_large_patch14_clip_224:openai_ft_in1k,/model/trainable_layers,uncertain,curation_workbook
vision,vit_large_patch14_clip_224:openai_ft_in1k,/model/input_resolution,verified,curation_workbook
vision,vit_large_patch14_clip_224:openai_ft_in1k,/model/recurrent,verified,curation_workbook
vision,vit_large_patch14_clip_224:openai_ft_in1k,/model/visual_degrees,undocumented,curation_workbook
vision,vit_large_patch14_clip_224:openai_ft_in1k,/model/supervision,verified,curation_workbook
vision,vit_large_patch14_clip_224:openai_ft_in1k,/training/process,verified,curation_workbook
vision,vit_large_patch14_clip_224:openai_ft_in1k,/training/objective,probable,curation_workbook
vision,vit_large_patch14_clip_224:openai_ft_in1k,/training/loss,probable,curation_workbook
vision,vit_large_patch14_clip_224:openai_ft_in1k,/training/learning_rate,undocumented,curation_workbook
vision,vit_large_patch14_clip_224:openai_ft_in1k,/training/batch_size,undocumented,curation_workbook
vision,vit_large_patch14_clip_224:openai_ft_in1k,/training/preprocessing,probable,curation_workbook
vision,vit_large_patch14_clip_224:openai_ft_in1k,/data/training_datasets,verified,curation_workbook
vision,vit_large_patch14_clip_224:openai_ft_in1k,/data/dataset_size,verified,curation_workbook
vision,vit_large_patch14_clip_224:openai_ft_in1k,/eval/test_datasets,verified,curation_workbook
vision,vit_large_patch14_clip_224:openai_ft_in1k,/eval/validation_datasets,probable,curation_workbook
vision,vit_large_patch14_clip_224:openai_ft_in1k,/io/interface,verified,curation_workbook
vision,vit_large_patch14_clip_224:openai_ft_in1k,/io/tokenizer,verified,curation_workbook
vision,vit_large_patch14_clip_224:openai_ft_in1k,/provenance/weights_provider,verified,curation_workbook
vision,vit_large_patch14_clip_224:openai_ft_in1k,/provenance/checkpoint,verified,curation_workbook
vision,vit_large_patch14_clip_224:openai_ft_in1k,/legal/license,probable,curation_workbook
vision,vit_large_patch14_clip_224:openai_ft_in1k,/people/creators,verified,curation_workbook
vision,vit_large_patch14_clip_224:openai_ft_in1k,/people/organizations,verified,curation_workbook
vision,vit_large_patch14_clip_224:openai_ft_in1k,/lineage/base_models,verified,curation_workbook
vision,vit_large_patch14_clip_224:openai_ft_in1k,/use/applications,verified,curation_workbook
vision,vit_large_patch14_clip_224:openai_ft_in1k,/use/users,probable,curation_workbook
vision,vit_large_patch14_clip_224:openai_ft_in1k,/use/limitations,verified,curation_workbook
vision,vit_large_patch14_clip_224:openai_ft_in1k,/use/biases,verified,curation_workbook
vision,vit_large_patch14_clip_336:laion2b_ft_in1k,/model/display_name,verified,curation_workbook
vision,vit_large_patch14_clip_336:laion2b_ft_in1k,/model/version,probable,curation_workbook
vision,vit_large_patch14_clip_336:laion2b_ft_in1k,/model/architecture,verified,curation_workbook
vision,vit_large_patch14_clip_336:laion2b_ft_in1k,/model/parameter_count,verified,curation_workbook
vision,vit_large_patch14_clip_336:laion2b_ft_in1k,/model/trainable_layers,uncertain,curation_workbook
vision,vit_large_patch14_clip_336:laion2b_ft_in1k,/model/input_resolution,verified,curation_workbook
vision,vit_large_patch14_clip_336:laion2b_ft_in1k,/model/recurrent,verified,curation_workbook
vision,vit_large_patch14_clip_336:laion2b_ft_in1k,/model/visual_degrees,undocumented,curation_workbook
vision,vit_large_patch14_clip_336:laion2b_ft_in1k,/model/supervision,verified,curation_workbook
vision,vit_large_patch14_clip_336:laion2b_ft_in1k,/training/process,verified,curation_workbook
vision,vit_large_patch14_clip_336:laion2b_ft_in1k,/training/objective,probable,curation_workbook
vision,vit_large_patch14_clip_336:laion2b_ft_in1k,/training/loss,probable,curation_workbook
vision,vit_large_patch14_clip_336:laion2b_ft_in1k,/training/learning_rate,undocumented,curation_workbook
vision,vit_large_patch14_clip_336:laion2b_ft_in1k,/training/batch_size,undocumented,curation_workbook
vision,vit_large_patch14_clip_336:laion2b_ft_in1k,/training/preprocessing,probable,curation_workbook
vision,vit_large_patch14_clip_336:laion2b_ft_in1k,/data/training_datasets,verified,curation_workbook
vision,vit_large_patch14_clip_336:laion2b_ft_in1k,/data/dataset_size,probable,curation_workbook
vision,vit_large_patch14_clip_336:laion2b_ft_in1k,/eval/test_datasets,verified,curation_workbook
vision,vit_large_patch14_clip_336:laion2b_ft_in1k,/eval/validation_datasets,probable,curation_workbook
vision,vit_large_patch14_clip_336:laion2b_ft_in1k,/io/interface,verified,curation_workbook
vision,vit_large_patch14_clip_336:laion2b_ft_in1k,/io/tokenizer,verified,curation_workbook
vision,vit_large_patch14_clip_336:laion2b_ft_in1k,/provenance/weights_provider,verified,curation_workbook
vision,vit_large_patch14_clip_336:laion2b_ft_in1k,/provenance/checkpoint,verified,curation_workbook
vision,vit_large_patch14_clip_336:laion2b_ft_in1k,/legal/license,probable,curation_workbook
vision,vit_large_patch14_clip_336:laion2b_ft_in1k,/people/creators,verified,curation_workbook
vision,vit_large_patch14_clip_336:laion2b_ft_in1k,/people/organizations,verified,curation_workbook
vision,vit_large_patch14_clip_336:laion2b_ft_in1k,/lineage/base_models,verified,curation_workbook
vision,vit_large_patch14_clip_336:laion2b_ft_in1k,/use/applications,verified,curation_workbook
vision,vit_large_patch14_clip_336:laion2b_ft_in1k,/use/users,probable,curation_workbook
vision,vit_large_patch14_clip_336:laion2b_ft_in1k,/use/limitations,probable,curation_workbook
vision,vit_large_patch14_clip_336:laion2b_ft_in1k,/use/biases,verified,curation_workbook
vision,vit_relpos_base_patch16_clsgap_224:sw_in1k,/model/display_name,verified,curation_workbook
vision,vit_relpos_base_patch16_clsgap_224:sw_in1k,/model/version,verified,curation_workbook
vision,vit_relpos_base_patch16_clsgap_224:sw_in1k,/model/architecture,verified,curation_workbook
vision,vit_relpos_base_patch16_clsgap_224:sw_in1k,/model/parameter_count,verified,curation_workbook
vision,vit_relpos_base_patch16_clsgap_224:sw_in1k,/model/trainable_layers,verified,curation_workbook
vision,vit_relpos_base_patch16_clsgap_224:sw_in1k,/model/input_resolution,verified,curation_workbook
vision,vit_relpos_base_patch16_clsgap_224:sw_in1k,/model/recurrent,verified,curation_workbook
vision,vit_relpos_base_patch16_clsgap_224:sw_in1k,/model/visual_degrees,undocumented,curation_workbook
vision,vit_relpos_base_patch16_clsgap_224:sw_in1k,/model/supervision,verified,curation_workbook
vision,vit_relpos_base_patch16_clsgap_224:sw_in1k,/training/process,verified,curation_workbook
vision,vit_relpos_base_patch16_clsgap_224:sw_in1k,/training/objective,probable,curation_workbook
vision,vit_relpos_base_patch16_clsgap_224:sw_in1k,/training/loss,uncertain,curation_workbook
vision,vit_relpos_base_patch16_clsgap_224:sw_in1k,/training/learning_rate,undocumented,curation_workbook
vision,vit_relpos_base_patch16_clsgap_224:sw_in1k,/training/batch_size,undocumented,curation_workbook
vision,vit_relpos_base_patch16_clsgap_224:sw_in1k,/training/preprocessing,probable,curation_workbook
vision,vit_relpos_base_patch16_clsgap_224:sw_in1k,/data/training_datasets,verified,curation_workbook
vision,vit_relpos_base_patch16_clsgap_224:sw_in1k,/data/dataset_size,verified,curation_workbook
vision,vit_relpos_base_patch16_clsgap_224:sw_in1k,/eval/test_datasets,probable,curation_workbook
vision,vit_relpos_base_patch16_clsgap_224:sw_in1k,/eval/validation_datasets,probable,curation_workbook
vision,vit_relpos_base_patch16_clsgap_224:sw_in1k,/io/interface,verified,curation_workbook
vision,vit_relpos_base_patch16_clsgap_224:sw_in1k,/io/tokenizer,verified,curation_workbook
vision,vit_relpos_base_patch16_clsgap_224:sw_in1k,/provenance/weights_provider,verified,curation_workbook
vision,vit_relpos_base_patch16_clsgap_224:sw_in1k,/provenance/checkpoint,verified,curation_workbook
vision,vit_relpos_base_patch16_clsgap_224:sw_in1k,/legal/license,verified,curation_workbook
vision,vit_relpos_base_patch16_clsgap_224:sw_in1k,/people/creators,verified,curation_workbook
vision,vit_relpos_base_patch16_clsgap_224:sw_in1k,/people/organizations,verified,curation_workbook
vision,vit_relpos_base_patch16_clsgap_224:sw_in1k,/lineage/base_models,verified,curation_workbook
vision,vit_relpos_base_patch16_clsgap_224:sw_in1k,/use/applications,probable,curation_workbook
vision,vit_relpos_base_patch16_clsgap_224:sw_in1k,/use/users,probable,curation_workbook
vision,vit_relpos_base_patch16_clsgap_224:sw_in1k,/use/limitations,verified,curation_workbook
vision,vit_relpos_base_patch16_clsgap_224:sw_in1k,/use/biases,probable,curation_workbook
vision,vit_relpos_base_patch32_plus_rpn_256:sw_in1k,/model/display_name,verified,curation_workbook
vision,vit_relpos_base_patch32_plus_rpn_256:sw_in1k,/model/version,verified,curation_workbook
vision,vit_relpos_base_patch32_plus_rpn_256:sw_in1k,/model/architecture,verified,curation_workbook
vision,vit_relpos_base_patch32_plus_rpn_256:sw_in1k,/model/parameter_count,verified,curation_workbook
vision,vit_relpos_base_patch32_plus_rpn_256:sw_in1k,/model/trainable_layers,verified,curation_workbook
vision,vit_relpos_base_patch32_plus_rpn_256:sw_in1k,/model/input_resolution,verified,curation_workbook
vision,vit_relpos_base_patch32_plus_rpn_256:sw_in1k,/model/recurrent,verified,curation_workbook
vision,vit_relpos_base_patch32_plus_rpn_256:sw_in1k,/model/visual_degrees,undocumented,curation_workbook
vision,vit_relpos_base_patch32_plus_rpn_256:sw_in1k,/model/supervision,verified,curation_workbook
vision,vit_relpos_base_patch32_plus_rpn_256:sw_in1k,/training/process,verified,curation_workbook
vision,vit_relpos_base_patch32_plus_rpn_256:sw_in1k,/training/objective,probable,curation_workbook
vision,vit_relpos_base_patch32_plus_rpn_256:sw_in1k,/training/loss,uncertain,curation_workbook
vision,vit_relpos_base_patch32_plus_rpn_256:sw_in1k,/training/learning_rate,undocumented,curation_workbook
vision,vit_relpos_base_patch32_plus_rpn_256:sw_in1k,/training/batch_size,undocumented,curation_workbook
vision,vit_relpos_base_patch32_plus_rpn_256:sw_in1k,/training/preprocessing,probable,curation_workbook
vision,vit_relpos_base_patch32_plus_rpn_256:sw_in1k,/data/training_datasets,verified,curation_workbook
vision,vit_relpos_base_patch32_plus_rpn_256:sw_in1k,/data/dataset_size,verified,curation_workbook
vision,vit_relpos_base_patch32_plus_rpn_256:sw_in1k,/eval/test_datasets,probable,curation_workbook
vision,vit_relpos_base_patch32_plus_rpn_256:sw_in1k,/eval/validation_datasets,probable,curation_workbook
vision,vit_relpos_base_patch32_plus_rpn_256:sw_in1k,/io/interface,verified,curation_workbook
vision,vit_relpos_base_patch32_plus_rpn_256:sw_in1k,/io/tokenizer,verified,curation_workbook
vision,vit_relpos_base_patch32_plus_rpn_256:sw_in1k,/provenance/weights_provider,verified,curation_workbook
vision,vit_relpos_base_patch32_plus_rpn_256:sw_in1k,/provenance/checkpoint,verified,curation_workbook
vision,vit_relpos_base_patch32_plus_rpn_256:sw_in1k,/legal/license,verified,curation_workbook
vision,vit_relpos_base_patch32_plus_rpn_256:sw_in1k,/people/creators,verified,curation_workbook
vision,vit_relpos_base_patch32_plus_rpn_256:sw_in1k,/people/organizations,verified,curation_workbook
vision,vit_relpos_base_patch32_plus_rpn_256:sw_in1k,/lineage/base_models,verified,curation_workbook
vision,vit_relpos_base_patch32_plus_rpn_256:sw_in1k,/use/applications,probable,curation_workbook
vision,vit_relpos_base_patch32_plus_rpn_256:sw_in1k,/use/users,probable,curation_workbook
vision,vit_relpos_base_patch32_plus_rpn_256:sw_in1k,/use/limitations,verified,curation_workbook
vision,vit_relpos_base_patch32_plus_rpn_256:sw_in1k,/use/biases,probable,curation_workbook
vision,vit_tiny_r_s16_p8_384:augreg_in21k_ft_in1k,/model/display_name,verified,curation_workbook
vision,vit_tiny_r_s16_p8_384:augreg_in21k_ft_in1k,/model/version,verified,curation_workbook
vision,vit_tiny_r_s16_p8_384:augreg_in21k_ft_in1k,/model/architecture,verified,curation_workbook
vision,vit_tiny_r_s16_p8_384:augreg_in21k_ft_in1k,/model/parameter_count,probable,curation_workbook
vision,vit_tiny_r_s16_p8_384:augreg_in21k_ft_in1k,/model/trainable_layers,probable,curation_workbook
vision,vit_tiny_r_s16_p8_384:augreg_in21k_ft_in1k,/model/input_resolution,verified,curation_workbook
vision,vit_tiny_r_s16_p8_384:augreg_in21k_ft_in1k,/model/recurrent,verified,curation_workbook
vision,vit_tiny_r_s16_p8_384:augreg_in21k_ft_in1k,/model/visual_degrees,undocumented,curation_workbook
vision,vit_tiny_r_s16_p8_384:augreg_in21k_ft_in1k,/model/supervision,verified,curation_workbook
vision,vit_tiny_r_s16_p8_384:augreg_in21k_ft_in1k,/training/process,verified,curation_workbook
vision,vit_tiny_r_s16_p8_384:augreg_in21k_ft_in1k,/training/objective,verified,curation_workbook
vision,vit_tiny_r_s16_p8_384:augreg_in21k_ft_in1k,/training/loss,verified,curation_workbook
vision,vit_tiny_r_s16_p8_384:augreg_in21k_ft_in1k,/training/learning_rate,undocumented,curation_workbook
vision,vit_tiny_r_s16_p8_384:augreg_in21k_ft_in1k,/training/batch_size,undocumented,curation_workbook
vision,vit_tiny_r_s16_p8_384:augreg_in21k_ft_in1k,/training/preprocessing,verified,curation_workbook
vision,vit_tiny_r_s16_p8_384:augreg_in21k_ft_in1k,/data/training_datasets,verified,curation_workbook
vision,vit_tiny_r_s16_p8_384:augreg_in21k_ft_in1k,/data/dataset_size,verified,curation_workbook
vision,vit_tiny_r_s16_p8_384:augreg_in21k_ft_in1k,/eval/test_datasets,verified,curation_workbook
vision,vit_tiny_r_s16_p8_384:augreg_in21k_ft_in1k,/eval/validation_datasets,probable,curation_workbook
vision,vit_tiny_r_s16_p8_384:augreg_in21k_ft_in1k,/io/interface,verified,curation_workbook
vision,vit_tiny_r_s16_p8_384:augreg_in21k_ft_in1k,/io/tokenizer,verified,curation_workbook
vision,vit_tiny_r_s16_p8_384:augreg_in21k_ft_in1k,/provenance/weights_provider,verified,curation_workbook
vision,vit_tiny_r_s16_p8_384:augreg_in21k_ft_in1k,/provenance/checkpoint,verified,curation_workbook
vision,vit_tiny_r_s16_p8_384:augreg_in21k_ft_in1k,/legal/license,verified,curation_workbook
vision,vit_tiny_r_s16_p8_384:augreg_in21k_ft_in1k,/people/creators,verified,curation_workbook
vision,vit_tiny_r_s16_p8_384:augreg_in21k_ft_in1k,/people/organizations,verified,curation_workbook
vision,vit_tiny_r_s16_p8_384:augreg_in21k_ft_in1k,/lineage/base_models,verified,curation_workbook
vision,vit_tiny_r_s16_p8_384:augreg_in21k_ft_in1k,/use/applications,probable,curation_workbook
vision,vit_tiny_r_s16_p8_384:augreg_in21k_ft_in1k,/use/users,probable,curation_workbook
vision,vit_tiny_r_s16_p8_384:augreg_in21k_ft_in1k,/use/limitations,probable,curation_workbook
vision,vit_tiny_r_s16_p8_384:augreg_in21k_ft_in1k,/use/biases,probable,curation_workbook
vision,VOneCORnet-S,/model/display_name,verified,curation_workbook
vision,VOneCORnet-S,/model/version,probable,curation_workbook
vision,VOneCORnet-S,/model/architecture,verified,curation_workbook
vision,VOneCORnet-S,/model/parameter_count,uncertain,curation_workbook
vision,VOneCORnet-S,/model/trainable_layers,verified,curation_workbook
vision,VOneCORnet-S,/model/input_resolution,verified,curation_workbook
vision,VOneCORnet-S,/model/recurrent,verified,curation_workbook
vision,VOneCORnet-S,/model/visual_degrees,probable,curation_workbook
vision,VOneCORnet-S,/model/supervision,verified,curation_workbook
vision,VOneCORnet-S,/training/process,verified,curation_workbook
vision,VOneCORnet-S,/training/objective,verified,curation_workbook
vision,VOneCORnet-S,/training/loss,verified,curation_workbook
vision,VOneCORnet-S,/training/learning_rate,undocumented,curation_workbook
vision,VOneCORnet-S,/training/batch_size,undocumented,curation_workbook
vision,VOneCORnet-S,/training/preprocessing,verified,curation_workbook
vision,VOneCORnet-S,/data/training_datasets,verified,curation_workbook
vision,VOneCORnet-S,/data/dataset_size,verified,curation_workbook
vision,VOneCORnet-S,/eval/test_datasets,verified,curation_workbook
vision,VOneCORnet-S,/eval/validation_datasets,probable,curation_workbook
vision,VOneCORnet-S,/io/interface,verified,curation_workbook
vision,VOneCORnet-S,/io/tokenizer,verified,curation_workbook
vision,VOneCORnet-S,/provenance/weights_provider,verified,curation_workbook
vision,VOneCORnet-S,/provenance/checkpoint,verified,curation_workbook
vision,VOneCORnet-S,/legal/license,verified,curation_workbook
vision,VOneCORnet-S,/people/creators,verified,curation_workbook
vision,VOneCORnet-S,/people/organizations,verified,curation_workbook
vision,VOneCORnet-S,/lineage/base_models,verified,curation_workbook
vision,VOneCORnet-S,/use/applications,probable,curation_workbook
vision,VOneCORnet-S,/use/users,probable,curation_workbook
vision,VOneCORnet-S,/use/limitations,probable,curation_workbook
vision,VOneCORnet-S,/use/biases,probable,curation_workbook
vision,voneresnet-50,/model/display_name,verified,curation_workbook
vision,voneresnet-50,/model/version,probable,curation_workbook
vision,voneresnet-50,/model/architecture,verified,curation_workbook
vision,voneresnet-50,/model/parameter_count,probable,curation_workbook
vision,voneresnet-50,/model/trainable_layers,verified,curation_workbook
vision,voneresnet-50,/model/input_resolution,verified,curation_workbook
vision,voneresnet-50,/model/recurrent,verified,curation_workbook
vision,voneresnet-50,/model/visual_degrees,probable,curation_workbook
vision,voneresnet-50,/model/supervision,verified,curation_workbook
vision,voneresnet-50,/training/process,verified,curation_workbook
vision,voneresnet-50,/training/objective,verified,curation_workbook
vision,voneresnet-50,/training/loss,verified,curation_workbook
vision,voneresnet-50,/training/learning_rate,undocumented,curation_workbook
vision,voneresnet-50,/training/batch_size,undocumented,curation_workbook
vision,voneresnet-50,/training/preprocessing,verified,curation_workbook
vision,voneresnet-50,/data/training_datasets,verified,curation_workbook
vision,voneresnet-50,/data/dataset_size,verified,curation_workbook
vision,voneresnet-50,/eval/test_datasets,verified,curation_workbook
vision,voneresnet-50,/eval/validation_datasets,probable,curation_workbook
vision,voneresnet-50,/io/interface,verified,curation_workbook
vision,voneresnet-50,/io/tokenizer,verified,curation_workbook
vision,voneresnet-50,/provenance/weights_provider,verified,curation_workbook
vision,voneresnet-50,/provenance/checkpoint,verified,curation_workbook
vision,voneresnet-50,/legal/license,verified,curation_workbook
vision,voneresnet-50,/people/creators,verified,curation_workbook
vision,voneresnet-50,/people/organizations,verified,curation_workbook
vision,voneresnet-50,/lineage/base_models,verified,curation_workbook
vision,voneresnet-50,/use/applications,probable,curation_workbook
vision,voneresnet-50,/use/users,probable,curation_workbook
vision,voneresnet-50,/use/limitations,probable,curation_workbook
vision,voneresnet-50,/use/biases,probable,curation_workbook
vision,voneresnet-50-non_stochastic,/model/display_name,verified,curation_workbook
vision,voneresnet-50-non_stochastic,/model/version,probable,curation_workbook
vision,voneresnet-50-non_stochastic,/model/architecture,verified,curation_workbook
vision,voneresnet-50-non_stochastic,/model/parameter_count,probable,curation_workbook
vision,voneresnet-50-non_stochastic,/model/trainable_layers,verified,curation_workbook
vision,voneresnet-50-non_stochastic,/model/input_resolution,verified,curation_workbook
vision,voneresnet-50-non_stochastic,/model/recurrent,verified,curation_workbook
vision,voneresnet-50-non_stochastic,/model/visual_degrees,verified,curation_workbook
vision,voneresnet-50-non_stochastic,/model/supervision,verified,curation_workbook
vision,voneresnet-50-non_stochastic,/training/process,verified,curation_workbook
vision,voneresnet-50-non_stochastic,/training/objective,verified,curation_workbook
vision,voneresnet-50-non_stochastic,/training/loss,verified,curation_workbook
vision,voneresnet-50-non_stochastic,/training/learning_rate,undocumented,curation_workbook
vision,voneresnet-50-non_stochastic,/training/batch_size,undocumented,curation_workbook
vision,voneresnet-50-non_stochastic,/training/preprocessing,verified,curation_workbook
vision,voneresnet-50-non_stochastic,/data/training_datasets,verified,curation_workbook
vision,voneresnet-50-non_stochastic,/data/dataset_size,verified,curation_workbook
vision,voneresnet-50-non_stochastic,/eval/test_datasets,verified,curation_workbook
vision,voneresnet-50-non_stochastic,/eval/validation_datasets,probable,curation_workbook
vision,voneresnet-50-non_stochastic,/io/interface,verified,curation_workbook
vision,voneresnet-50-non_stochastic,/io/tokenizer,verified,curation_workbook
vision,voneresnet-50-non_stochastic,/provenance/weights_provider,verified,curation_workbook
vision,voneresnet-50-non_stochastic,/provenance/checkpoint,probable,curation_workbook
vision,voneresnet-50-non_stochastic,/legal/license,verified,curation_workbook
vision,voneresnet-50-non_stochastic,/people/creators,verified,curation_workbook
vision,voneresnet-50-non_stochastic,/people/organizations,verified,curation_workbook
vision,voneresnet-50-non_stochastic,/lineage/base_models,verified,curation_workbook
vision,voneresnet-50-non_stochastic,/use/applications,probable,curation_workbook
vision,voneresnet-50-non_stochastic,/use/users,probable,curation_workbook
vision,voneresnet-50-non_stochastic,/use/limitations,probable,curation_workbook
vision,voneresnet-50-non_stochastic,/use/biases,probable,curation_workbook
